-- phpMyAdmin SQL Dump
-- version 5.2.1
-- https://www.phpmyadmin.net/
--
-- Host: 127.0.0.1
-- Generation Time: Jul 28, 2023 at 07:57 PM
-- Server version: 10.4.28-MariaDB
-- PHP Version: 8.0.28

SET SQL_MODE = "NO_AUTO_VALUE_ON_ZERO";
START TRANSACTION;
SET time_zone = "+00:00";


/*!40101 SET @OLD_CHARACTER_SET_CLIENT=@@CHARACTER_SET_CLIENT */;
/*!40101 SET @OLD_CHARACTER_SET_RESULTS=@@CHARACTER_SET_RESULTS */;
/*!40101 SET @OLD_COLLATION_CONNECTION=@@COLLATION_CONNECTION */;
/*!40101 SET NAMES utf8mb4 */;

--
-- Database: `univdb`
--

-- --------------------------------------------------------

--
-- Table structure for table `ijazah`
--

CREATE TABLE `ijazah` (
  `ID` int(11) NOT NULL,
  `Taruna` int(11) DEFAULT NULL,
  `Program_Studi` int(11) DEFAULT NULL,
  `Tanggal_Ijazah` date DEFAULT NULL,
  `Tanggal_Pengesahan` date DEFAULT NULL,
  `Gelar_Akademik` varchar(255) DEFAULT NULL,
  `Nomor_SK` varchar(255) DEFAULT NULL,
  `Wakil_Direktur` int(11) DEFAULT NULL,
  `Direktur` int(11) DEFAULT NULL,
  `Nomor_Ijazah` varchar(255) DEFAULT NULL,
  `Nomor_Seri` varchar(255) DEFAULT NULL,
  `Tanggal_Yudisium` date DEFAULT NULL,
  `Judul_KKW` varchar(255) DEFAULT NULL
) ENGINE=InnoDB DEFAULT CHARSET=utf8mb4 COLLATE=utf8mb4_general_ci;

--
-- Dumping data for table `ijazah`
--

INSERT INTO `ijazah` (`ID`, `Taruna`, `Program_Studi`, `Tanggal_Ijazah`, `Tanggal_Pengesahan`, `Gelar_Akademik`, `Nomor_SK`, `Wakil_Direktur`, `Direktur`, `Nomor_Ijazah`, `Nomor_Seri`, `Tanggal_Yudisium`, `Judul_KKW`) VALUES
(1, 1, 2, '2023-08-24', '2023-08-24', 'A.Md', 'SK-56789', 1, 2, 'IJZ-001', 'SERI-001', '2023-08-22', 'Pengembangan Sistem Informasi Kepegawaian Menggunakan Framework TOGAF'),
(2, 2, 2, '2022-02-01', '2022-02-15', 'A.Md', 'SK-67890', 2, 1, 'IJZ-002', 'SERI-002', '2021-12-16', 'KKW Taruna 2');

-- --------------------------------------------------------

--
-- Table structure for table `kota`
--

CREATE TABLE `kota` (
  `ID` int(11) NOT NULL,
  `Kode_Kota` varchar(255) DEFAULT NULL,
  `Nama` varchar(255) DEFAULT NULL
) ENGINE=InnoDB DEFAULT CHARSET=utf8mb4 COLLATE=utf8mb4_general_ci;

--
-- Dumping data for table `kota`
--

INSERT INTO `kota` (`ID`, `Kode_Kota`, `Nama`) VALUES
(1, 'K1', 'Bandung'),
(2, 'K2', 'Jakarta'),
(3, 'K3', 'Yogyakarta');

-- --------------------------------------------------------

--
-- Table structure for table `matakuliah`
--

CREATE TABLE `matakuliah` (
  `ID` int(11) NOT NULL,
  `Kode` varchar(255) DEFAULT NULL,
  `Matakuliah` varchar(255) DEFAULT NULL,
  `SKS` int(11) DEFAULT NULL,
  `Nilai_Angka` float DEFAULT NULL,
  `Nilai_Huruf` varchar(255) DEFAULT NULL,
  `Semester` enum('Semester I','Semester II','Semester III','Semester IV','Semester V','Semester VI','UJIAN AKHIR PROGRAM STUDI') DEFAULT NULL
) ENGINE=InnoDB DEFAULT CHARSET=utf8mb4 COLLATE=utf8mb4_general_ci;

--
-- Dumping data for table `matakuliah`
--

INSERT INTO `matakuliah` (`ID`, `Kode`, `Matakuliah`, `SKS`, `Nilai_Angka`, `Nilai_Huruf`, `Semester`) VALUES
(1, 'PK103', 'PBB DAN TATA UPACARA', 2, 3, 'B', 'Semester I'),
(2, 'KK104', 'BAHASA INGGRIS', 3, 3, 'B', 'Semester I'),
(3, 'KK106', 'FISIKA TERAPAN', 3, 3.5, 'AB', 'Semester I'),
(4, 'PK102', 'PANCASILA', 2, 3, 'B', 'Semester I'),
(5, 'PK101', 'AGAMA', 2, 3, 'B', 'Semester I'),
(6, 'KK109', 'MENGGAMBAR TEKNIK', 2, 3, 'B', 'Semester I'),
(7, 'KK111', 'KOMPUTER', 3, 3, 'B', 'Semester I'),
(8, 'KK107', 'MATEMATIKA TERAPAN', 3, 3, 'B', 'Semester I'),
(9, 'KK220', 'DASAR-DASAR TRANSPORTASI', 2, 3.5, 'AB', 'Semester II'),
(10, 'KK218', 'HIDROLOGI', 2, 3, 'B', 'Semester II'),
(11, 'KB225', 'TEKNIK PENGUKURAN DAN PEMETAAN', 3, 3, 'B', 'Semester II'),
(12, 'KB228', 'ILMU BANGUNAN KAPAL', 3, 3, 'B', 'Semester II'),
(13, 'PK205', 'BAHASA INDONESIA', 2, 3, 'B', 'Semester II'),
(14, 'KK208', 'STATISTIKA TERAPAN', 3, 3, 'B', 'Semester II'),
(15, 'KK213', 'PENGANTAR ILMU HUKUM', 2, 3, 'B', 'Semester II'),
(16, 'BB245', 'PENDIDIKAN KEWARGANEGARAAN', 2, 4, 'A', 'Semester II'),
(17, 'KK219', 'REKAYASA SUNGAI', 2, 3, 'B', 'Semester II'),
(18, 'KB326', 'TEKNIK SURVEY LLASDP', 3, 3.5, 'AB', 'Semester III'),
(19, 'KB324', 'TEKNIK SURVEY HIDROGRAFI', 3, 3, 'B', 'Semester III'),
(20, 'KK310', 'DASAR DASAR EKONOMI', 2, 4, 'A', 'Semester III'),
(21, 'KB332', 'TEKNIK ALUR PELAYARAN', 3, 3, 'B', 'Semester III'),
(22, 'KB327', 'PERMESINAN DAN KELISTRIKAN KAPAL', 3, 3.5, 'AB', 'Semester III'),
(23, 'KK311', 'PENGANTAR ILMU MANAJEMEN', 2, 3, 'B', 'Semester III'),
(24, 'KK316', 'OLAH GERAK KAPAL', 3, 3.5, 'AB', 'Semester III'),
(25, 'KB329', 'STABILITAS & TEKNIK PEMUATAN', 3, 3, 'B', 'Semester III'),
(26, 'KB431', 'PERENCANAAN DAN PERANCANGAN PELABUHAN SDP', 3, 3, 'B', 'Semester IV'),
(27, 'KB430', 'TANDA DAN RAMBU PELAYARAN SDP', 2, 3, 'B', 'Semester IV'),
(28, 'KB433', 'MANAJEMEN OPERASI TRANSPORTASI SDP', 3, 3.5, 'AB', 'Semester IV'),
(29, 'KB435', 'KESELAMATAN PELAYARAN', 2, 3, 'B', 'Semester IV'),
(30, 'KB434', 'PERENCANAAN TRANSPORTASI SDP', 3, 3, 'B', 'Semester IV'),
(31, 'KB436', 'EKONOMI TRANSPORT', 2, 4, 'A', 'Semester IV'),
(32, 'KB439', 'TEKNIK PENGERUKAN', 3, 3, 'B', 'Semester IV'),
(33, 'KK417', 'AMDAL TSDP', 2, 3, 'B', 'Semester IV'),
(34, 'KB537', 'TEKNIK ANALISIS EKONOMI DAN FINANSIAL TRANSPORTASI', 2, 3.5, 'AB', 'Semester V'),
(35, 'BB544', 'PERATURAN PERUNDANGAN ANGKUTAN DI PERAIRAN', 2, 3.5, 'AB', 'Semester V'),
(36, 'KB538', 'PENGETAHUAN KESYAHBANDARAN', 2, 4, 'A', 'Semester V'),
(37, 'KB523', 'KAPITA SELEKTA', 2, 3.5, 'AB', 'Semester V'),
(38, 'KB514', 'ILMU ADMINISTRASI', 2, 4, 'A', 'Semester V'),
(39, 'KK533', 'MANAJEMEN OPERASI PELABUHAN SDP', 3, 4, 'A', 'Semester V'),
(40, 'KK521', 'TRANSPORTASI MULTIMODA', 2, 4, 'A', 'Semester V'),
(41, 'KB522', 'METODE PENELITIAN', 2, 4, 'A', 'Semester V'),
(42, 'KB515', 'KETRAMPILAN DASAR KESELAMATAN', 2, 4, 'A', 'Semester V'),
(43, 'PBA643', 'PRAKTEK KERJA LAPANGAN (PKL)', 4, 4, 'A', 'Semester VI'),
(44, 'PBA642', 'SEMINAR', 2, 4, 'A', 'Semester VI'),
(45, 'PBA641', 'KERTAS KERJA WAJIB (KKW)', 6, 3, 'B', 'Semester VI'),
(46, '-', 'UJIAN LISAN KOMPREHENSIF', 0, 3.5, 'AB', 'UJIAN AKHIR PROGRAM STUDI');

-- --------------------------------------------------------

--
-- Table structure for table `nilai`
--

CREATE TABLE `nilai` (
  `ID` int(11) NOT NULL,
  `Taruna` int(11) DEFAULT NULL,
  `Nilai_Angka` float DEFAULT NULL,
  `Nilai_Huruf` varchar(255) DEFAULT NULL,
  `Matakuliah` int(11) DEFAULT NULL
) ENGINE=InnoDB DEFAULT CHARSET=utf8mb4 COLLATE=utf8mb4_general_ci;

--
-- Dumping data for table `nilai`
--

INSERT INTO `nilai` (`ID`, `Taruna`, `Nilai_Angka`, `Nilai_Huruf`, `Matakuliah`) VALUES
(1, 1, 4, 'A', 1),
(2, 1, 3.5, 'AB', 2),
(3, 1, 3.5, 'AB', 3),
(9, 1, 4, 'A', 9),
(10, 1, 3, 'B', 10),
(11, 1, 3.5, 'AB', 11),
(18, 1, 3, 'B', 18),
(19, 1, 3, 'B', 19),
(20, 1, 3.5, 'AB', 20),
(27, 1, 3, 'B', 27),
(28, 1, 3.5, 'AB', 28),
(36, 1, 4, 'A', 36),
(37, 1, 3.5, 'AB', 37),
(43, 1, 4, 'A', 43),
(44, 1, 4, 'A', 44),
(45, 1, 3, 'B', 45),
(46, 1, 3.5, 'AB', 46);

-- --------------------------------------------------------

--
-- Table structure for table `pejabat`
--

CREATE TABLE `pejabat` (
  `ID` int(11) NOT NULL,
  `Nama` varchar(255) DEFAULT NULL,
  `NIP` varchar(255) DEFAULT NULL,
  `Golongan` varchar(255) DEFAULT NULL,
  `Jabatan` varchar(255) DEFAULT NULL
) ENGINE=InnoDB DEFAULT CHARSET=utf8mb4 COLLATE=utf8mb4_general_ci;

--
-- Dumping data for table `pejabat`
--

INSERT INTO `pejabat` (`ID`, `Nama`, `NIP`, `Golongan`, `Jabatan`) VALUES
(1, 'Dr. Budi', '198706102006041001', 'IV/e', 'Rektor'),
(2, 'Ir. Santi', '198808112008122002', 'III/d', 'Dekan');

-- --------------------------------------------------------

--
-- Table structure for table `program_studi`
--

CREATE TABLE `program_studi` (
  `ID` int(11) NOT NULL,
  `Nama` varchar(255) DEFAULT NULL,
  `Program_Pendidikan` enum('Diploma III','Diploma IV') DEFAULT NULL,
  `Akreditasi` enum('Baik','Baik Sekali','Unggul') DEFAULT NULL,
  `SK_Akreditasi` varchar(255) DEFAULT NULL
) ENGINE=InnoDB DEFAULT CHARSET=utf8mb4 COLLATE=utf8mb4_general_ci;

--
-- Dumping data for table `program_studi`
--

INSERT INTO `program_studi` (`ID`, `Nama`, `Program_Pendidikan`, `Akreditasi`, `SK_Akreditasi`) VALUES
(1, 'Ilmu Komputer', 'Diploma IV', 'Unggul', 'SK-12345'),
(2, 'MANAJEMEN TRANSPORTASI PERAIRAN DARAT', 'Diploma III', 'Baik Sekali', 'SK-23456'),
(3, 'Teknik Elektro', 'Diploma IV', 'Baik Sekali', 'SK-34567');

-- --------------------------------------------------------

--
-- Table structure for table `taruna`
--

CREATE TABLE `taruna` (
  `ID` int(11) NOT NULL,
  `Nama` varchar(255) DEFAULT NULL,
  `Nomor_Taruna` varchar(255) DEFAULT NULL,
  `Tempat_Lahir` int(11) DEFAULT NULL,
  `Tanggal_Lahir` date DEFAULT NULL,
  `Program_Studi` int(11) DEFAULT NULL,
  `Foto` blob DEFAULT NULL
) ENGINE=InnoDB DEFAULT CHARSET=utf8mb4 COLLATE=utf8mb4_general_ci;

--
-- Dumping data for table `taruna`
--

INSERT INTO `taruna` (`ID`, `Nama`, `Nomor_Taruna`, `Tempat_Lahir`, `Tanggal_Lahir`, `Program_Studi`, `Foto`) VALUES
(1, 'Nohara Sinosuke', 'T001', 2, '1985-11-25', 2, 0xffd8ffe000104a46494600010101012c012c0000ffdb00430006040506050406060506070706080a100a0a09090a140e0f0c1017141818171416161a1d251f1a1b231c1616202c20232627292a29191f2d302d283025282928ffdb0043010707070a080a130a0a13281a161a2828282828282828282828282828282828282828282828282828282828282828282828282828282828282828282828282828ffc200110801aa013a03012200021101031101ffc4001c0001000203010101000000000000000000000607010405020308ffc4001a010100030101010000000000000000000000020304010506ffda000c03010002100310000001b50000000000030658196358da7035c91d7d188b134b1287fb9fa3731a921900f2662ba7eb9dd8f118d984eccf51ef9ceb928e80000000007c4d7a6711f3ef2a871d90707ccd23d85e6e6a8613d6daf36af55cf22eeae2138e5bf4e4a2fa2ed79f4e31915af32c88c5376cf3bb7f4cdae332a8befe9c73a175400000000c18aabbf510dfd0b42bb3e107b77e1468a6251d4ecd95f6f9fd065d7a9f5fb462516c77b3d8d6533ec46a70df9e413af7e792b538165720a9363995fa13ee7c42caaa5c6927717f9c12e0073b7cf40000c42fad4618f2fa3bdd94e9cc72eae2fdfa8a6fe0f437b8f28f61a5bb09e8ebfbc4e1d2e0579a775164756a24a37572b8b35cfa387daf598cda3bd8e7623dbe9e95d54c73009eeac3e875a1b5158fc65d3dce1fd613b191be2595d80f1efbc78f70120f1fce1db375643a78f5f618ace3648637c06ac9b3b5cef33858b2ba3ecacda64d5159f4e77999bf26f2d396a881fe93a20e2dd7495bb9f4f4f265d606191abe76f8f7533ccf2babaf0c6a21d0d9aaedbf7b0cbb78d9ec6a5f9a5f9c674e5f340dab4a8dad6ebc6538906aed61df18ade610fd793166d77fa26da50b9bc50a57bfc0efc276752f75c533ea81d9756f9d58ec2af5f73cdcdc29164d8ce334de000c67070ec0af6c1dfe7433576f739df78d08cd37cae0feb0f46caedd2923bfcfe7416e1d3aebaaa47c295ce13f1877c121572d53af1684fa02be99f41be5b1c6bdada129cbacce28d1a9cdeea51e5747e8e74d388cb935f55ae2d59cafe555f3aec2b9e719c1c59ec126daf17dc5f42bab1797c9d5ad6d9cbf60d7d83b27ed5692f8f85c0dcecea4b2484cd1a31f3fae08bfc65d9b2be2763d21264e480181a1bf5fd91f96d9a2e324b1a7b847af23aea614d1d6c14ce3961c0ac0d987d0ba979f42b2e35b74f53ecfd853ef35b65d8487bd5c4aa3e1c818555e40000000c6706ac066711d1cd9ce3365e031918f8fdf515d88e7fcf355ee6ba3bfbbcf0ef00c5616840e3388fd319cdf561cd2f8fd9d8c82435bf6a3e1cbb3855564000003191f3ae2ca825f0ce719b74800319f2e2c2e14eecf27192500004266de3885c226f10a3d231987d2870f8fd9d8f4e5d5cef73c59c21ff786794a2c25588be5d94623024e8a6bf6533e64634a53f5b7c8dbb9b99c65d63381a1b52196796f5bcfab3cd0000006bec0a5fd58f5751ef6d0abd9000019c00000006b6cbb0d0cef278757e7bc376d7adec9bfe7f23b4800000018854dbcf3b4c7bddd2cff005610d6000000000000001d3b4a9cb8f4fca644f180000000068d4f72c123a62af9fd337d6873a00000000000007c2eca3ae9d1f37b22cf300000000015d5895446fd0c997ec00000000000000035edaaaec1bfc1938b7c6000000000c5416f52f0ddf419bea40000000000000013485cb6ef1a722ef040000000034e98b32baabd6fb0a3e840000000000000031238eecd9e6db99f3eb47cd00000000041229dde0d1f419157ae00f3d8fa6af9ed7b8f1ef9683a6b7539934b5a6b22a7ceabb36d214d37f5b7b255beececc6badb7a7718b689b67e7f4f472874000000046eb9ba6074df11d8b4de7ecae3a3364298b6cc810a74be9b287381cd98a72867da5aeb4778aa2633ce80000f8fd9de7065d079bfb956459c000000035e2bb5d4c33fa0f32c00000001aff78b59cfa49b19e021d0000397f7dc8bfa35ce47a10000000182072d884bfc9b0324c0000007cbae5fa87d8da619196601adc4b392443bcdbd96c77467faeb88f5bbed50c6498000001cce9eb91febc7b67cd9f651de2c7b3c44335d92e44bc393041bad2848d1bf10ec9a2b992ea8ea7067be75460ff49b208872ac5f167201dae048b2ef338aede6cda1b32dfe6e44e20000000018c862073d80427da3383d1c727adc6b6a91f699d983193ac64000008dc7ac381c27f4e875b9b55bcd9bd6f625d4fd44a2000000000062b5b261fc6a789fe2bb6b19bc7a71387a12880000000d0df11396423be7db8be63b5f6cfcfcbeb3e07400000000c71128d753e99ec9cf2e2bf0d15c9e41e7d74000000000d6d98f918fa6a6de2b79d207bae5c6b062dced10b0d1893e8ac3a000000c465c2aa5b1b78e3e2b7b5a1e7a17c3ed2bf9fd35d6000000000079d3de113d09db8afbd4ff0015caa8b2b793e04b8000034f73c9566d4dba34ca1b2cda5b1c6403a00000000000000003ffc4002d10000104010206020201050101000000000401020305000630101112131420154021242322253134503541ffda0008010100010502facf7235a7ea3631d16a22daeaeb184f67bea27c88251c927232e5904e9fe3ea73e134f1438eb8af6e2de57a65ddab8e7f08257c12d3d9c67c5e8abcb21bbea75c3facf98a7846142a43566580e0255d83cc97e8164c62c1656a41af8e596370da80b8a296e0f931caae7711e090894caf2056e46e746fa0b5539be9246a0582c6faf33c789e45a444caee88aac7a515c307bf2c8d8a3b8b175811e9500884430c10c384b1d1903c324f28023038151152dab5465cd393c63d9a7a5808d3450e642618d88c661ac296c21b725a76f2e6a5b3499d810ce2c87d28cb1981ca23f34eaaf9d8487013838f10ec9646c51b0a2ccc7407f29c36c7232bc7f0a9cc906238cf2b2086635f3d9404c33b16d43e700e4d8bc1ac14376eae6a2b3f1a1e14e278a32aa262ac52b4aa3455ad01a1378cadf91391392639a8e6bbaaaf0d19870d4a738a8269e281ab7d5e8b736686b99344ec9a249134ecbdeaadfbeb7f0d1ce573b2a206ba48e72ce56d60dcdd5e239145986c149690de06cde38957078e12aa22496e23152ec5c80c18ac8a364519234de4c35b135cd6a3739ae4c2c13e4d52acca12a21e0f62cc1c4445e7ef707a0023dce91f8c639eeaf11088bd0e19cf512659c7cb01dc4c160630388926525fc696c5d23bd8a1a22a214e940979f128b8046b5c8e6dac2d7ddd34eb14beaab9766f9a72e2558d28fe20ddf44fc619751c6e9adcb915f3cd26427150e0170c99dc2c49f28bc0b4f4f3c66e9d9228f1ae56398e47b3d88858445504ba39386a38154686291ac32c1b34b6ed7c5855b8f0c64dad84313579a70d526ac23e2e4f2a0a25542e88672a352cec9c52f06a2bb8d116b38e7395a1265044d96db970bb545b6cacff00cef7b2855f05696d344c6dc57c8804908d6040f110d211ee86babe309a3a7c858a7055e59685798760adeb2ac93be566a09bb6170a4a489d035111351d74730b947274593da8f64b1ba190699c390cd4d0f2375239ecff00ec51ba592262471ec532f896f928c5d7e06f108f4d2ea9f19c35195e356f0a86f5597619e466a577f3e0e8c710888899a80d60c0e51c4b25865c572918a8ad7708627cefabae411364efe23f09b7748e1027327ce7f9298b20c09e6c23d758c06a66ac21b217c281bd563c352c6bd5c03d472b1a5ea495e9248f95f95227882f09c78a7cf890b9b6bc36e31ad62707c8c6631cd7fbdba7e827f86d12317e1605cf81635d63132aec089c83171cc5eb5b694b14416216336b6029268dd0cba69bfcfc0a8184c060928927182192775655a0cbee49110d1cc614567871ae786c4588a346c04f84b4f4b75e55902f543c75345d0471918bceb8d42999a8e0e4ed36dfd6e2f636464d4a33d594502647561c788d46a7b9a4b04813ac897d2687a96b0f59d78dfaff006d67e19c6c05698242aee5c658d556b8e692db48bbc05133a2b77ca93ccb0f69e35765714858fc2c1bde2bd7500de397e92c7d595a779389f84de2a4ec8c137a46f7865f0cfe156cf26d3d4a81840fd2f826f4923eacad3bbfbf6a9ceb87fcc1ee4b3b9057cbde08a9d7ac31d828feab9a8bae7b38dc8f67a48ceacaf3fbabbaf6a3d81f36b362acb97c5ac01046fb90de8d465c3e19beb2c69236bac5dd7bb66cf1ecbdd57926916ff6fd8d471b98854119c244aef6963491b5a7398edcb017cb14797b8df631cbdbac1bc40761c88a9355ce32d83486cfecf623db0d993167cc488a9731e2dcc59f331e7ccc78b70ccf976e7cb262dac98eb22d71c518ec77764c741d2b04c927ac8f6c6da101cf7edcd1b658c881e017f52689b262493c79e5e796ccf225765184c3484ddb8050f16173bece9e5e9b3debeafee235c8e6fd7a67f45c6fdc0bf1e5fd717fa6db7cb1e32a09209039feb3dfdb93e86ac6278b1aaab3ea97feb0eeeb837f53bf995f5a74ea86addd75dbf78eebbdfacbfe34dbfae9f7cffeab9fafa597fb76ff005f748fafa595123de2a4ed0c1ffaff005f4c7e0aded45276ea224e517d7ae2144b3ded58efd5df55e58a447cd15eb8eef333c9626248e7634735f9e0592e257582ad48ea2dd6f6a577558fb2aa263a78931098571ae477a3a66a3a0af348c8e8854c8078876fbddf38b18e473776debbce8e58cb808fe6e6839aec6561efc6523971b4616369c06e4628f163e08a4c96a01931d43162513712845c1858054da9a36cb169e95c906f06be55eef73fcec93fa773bb3bfb50d0c5dbacdd9e56c10d431f36d590de5854e5f9806e6a097a2ba36246cdd2f9589889c936ab18a25d6e582f93a8376d0951c7ac0d02176259590b5f723ab9acb42f01ac884936d7297f60adc91ed8e3612f7d87acb3c512497413716ccb973b7633e53570f33e28d913776ca641c0a88bb15bb8623acccb405a4d68f763f6be56593126b772f8f6b2e5a56911083020ab1ad6b38d53ba2e77a789b342daf3e146826aa49504394888e18d46d9b73bb6a99d76aece9b3c149b5225ee5b3714e2db9f253e772d4acae11a18d9c93d1539a0ff00a077115395efd23ddd5a938d990a38d50120216dde05e60b05a8cb036c047636463f24776ad13e93d3ab51f101be6db26e970c40da38011c925257bf2daaa10458dc8f67d17b4a92f3b87b33cb230cb02e165509e103ba68cc2c6a29dfd19631b25074e991cf5ff417299cd92c78757c95eefdcb1c21505889326a0997c12e268ad8dc8f66fea391de2c8c4ad9b2cc8f142a50bc20b7a79990453492db638115d8e019198e4473463a6aa6c13473c5bab863fc8bc2a2ef0c05dc710929de55a26fdd8af32bd0f46630e15f8d723b8b61906902b664d36e5ad978ea3c2903781ad89e3e9c25e403f4261609925a101eab472c78a35b4388e3130d914a8c7ef241b56c73e0c0c448383ec23eb8c3b22b20a0118e6351a9ff0000a916118430748d85bc9c869df32c30c70b3fe1ae2842f711397ddfffc4002c110001030206010304020300000000000001000203111204102021303105224151131423321561404252ffda0008010301013f01ff00000dd59df235b71a27c7676a365ea486deb447ead9160214bdd386365c53e269e932375c8807b4e368d959f2ac0ced48cb4e582c3324dde68b14d7e1cd11713df0c4cd958d54b77081aee8fed529d39f642777ba1491a8300e95029632e088a641b5e906d5aa9a2d1b04f78623238ab8a8a5aec5620fb67873be89a3b8572886fb156a9bd22d19b7b4d0a635766ced4ccbb719c2cb773a646daea26383774d9ea69450e07eb1ba4e962b06e81dfd2fa06954c1eaca6650d72a28a3a6e72b0141a074aef60a8f577b1cf11fb651bec7070514824687052c6246dae52c4e84d0f4ada499fd26a0d03ad0e3ec135a1a322d0e142bf5369ca73eacfc5e269f89d9491891b6b94d0980efd7037f7d128a845e036a89a9ae71d6e145859beb33fbc9ec0f14729e0301feb59d9c0e83d27389db4e171618f0556b939a1c2854f8674276dc655cb7f8563cf4d5f6933f6b5163e2f4bf39e50d14d7e371977e27e9a697b04828e4701ff2e4301f2e5886d9216eb6b8b4dc161312310cafbf2790149ddc1859dd0c9509a6a2bc7e55b49b830c2b2b793cc0f534f078d6dd38e4f303d2d3c1e25bf909e4f28cba1afc7078865185d9dc02fb88c6d720e07a5552e3628fb29fe51e7f408f91997f233a38d98ffb29679241471e08311245b30a38f9cfba76225776ecc123a28b9c7b3acedad9aca1a5e35b758df3aa00945cabaee572b5df0ad77c2b95c139c81a2b8aaa8a8e193c51dc31fed94ceb5bad8f2ce97dc14f75c6bc20d17d67a73cbbbe102bc21bb710a6459f1ac36aba45fc77144d755c79ff00ffc400281100010302050403010101000000000000010002031131101220213004131441223251614042ffda0008010201013f01ff00013b2cf6e473b28aa649994926551cb9afa1fb6e83a9b851fef0c8fca1364704f91a5bb2a9086f759ff1672f4c7e6c1e53626940016e191e2ab3155cd744510b502100f68c23d2358ca2e26eaa5325a5d035c0ba9745d472ae8cc6954c617a11b42a052c74dc2807bc671ef444fca6984876dc2aa8be4731c4d912a2146e2fb285c1a687195f9b61a637666a734bb65d84df8041c0aef8aa79f8d7085db531964aec30cc5171374d6172ec84e8c8c60fae24510d939bec2cd58f1ee3917137d11b731d1233d8c21fae3237de2e6d771c115b4e525d4405053171a0471732bb8d709f5a4340df4f6c8db416e6dc2ed95db2bb6576caed94194deaaf881ae46fbe3ceb3a16e070a7232dc0e15e48edc0eb7245c0fb7245c125b923bf04b7d14389dae8f50c165e57f17943f17947d050f505cfa1e09886b6a5795fc47a97aef3cfb598a13bc7b5df7fea2e26fa41a6ea37e7683afad751a06b8db98a7bb31ae9e89fff003afab7667d3552aa56989a1b888dc6c10e99ded33a367b4d635bf5d6fe91ee756a8f447f578c7f578c7f578722f164fc5d3f4c5a7339491364fb21d3463d211b458292a0e0cddbc2ff00ae113731d6e6075d76026b728a70dd769a83436dc25f434e1924a3c2af0bcc9545ce374c9fd3b5c9206aa39e9b01b9e2a23134a6b72db5768135280a5b9bffc400451000010203030707090605040300000000010203000411122131101322415161712023303240425205143362728191a1c134435382b1d12463a2e1f015508392446473ffda0008010100063f02ecc4a88006b828934673d756115712d2d3b2948ab468b18a0e23a06d0cad4853aea5154c4ccbbcb538a61ca051c48d505086d4ea1b3cf3830445dd9f9d7108f68d22f9a6e3ed00f0498cdb7512c301e2de72a5c6956569c0c6a4be3ac8fdb941c725d4dc9a8d03d5fd7647931b17a6d173e51e500dd73cf8466f8c372a315ad29276926f84b57adda512d22f30fb6eb19971ba5d5ae3d854ebc68910748b6d6a424feb156dc5a4ee5414aecbaaeea95abf78be61491ea0022d28d4ed314cb9b653695169c4828f127205b6a2950c0882d3de9d02b51de1c954bb97c94c9362ba89d512ea7945528dda08553ab5d4613314b4e04d01896f35a682edd4ea3aa16face76617de38a8ec819df4ee1ce39c4f6052dc212848a9262b7a594f513f5e4db5152d63ac937520669a423808710e75828d6036d26aa316137abbcadb041150633ac8ab1ac783fb640a795652a494d4ede4ad956bea9d876c29a7c0cea341d4180840a245c06465d6a5d0f36d0d10574d2db0ccbcd4bb433869a0ba91d83cd183a093a646b3b32069269ac9d82289ce255e2ad628e8bb5286072280c0b66b90679ba91af0316594048fd60adc55948c4c5651b434cfe23bafdd1f6b695b94cdd004da0cb249f48de923fb41600aa157dad64ed8ff004f9c37fdd2fc4367216e3a68848a9844eb6c5848b8d93a4b1be0a9a701a63b4718a25c2b3b109260ade2f4a4af7502e52b798b6cb7a67bca353d3e6195f3ebc69dd196ab1ceb97ab76e8bc810504b6b0755418acb2ecfaab837da7558ab905a3f6697eb0f1ae2830c852a00a4e20c5a4da5c96b4e25afed02c285aeb36b1aa14878599968d9707d62d3ce25b4fac69140f1570413096d39c4caa6f354f58c512b1c22b82a98886945290468dc36760ccb17cc1d7e082a5125471275e454c3f40c3379aeb31596a4bcbfe228554ae1169d497d7e270d62f966bfeb16a45c247e0b86a0f03aa0d014ad372d0ac5272baeeb4a6e8424f5ce92b898a9341b4c502d4bf653183a3f2c596dc4a89ee9c7e1010d8b2818084cc493a19748b2b27588ce3f5987bc6e5f1a200e02918c73aca15ee8264dca7a8bc3e30dc8bf56a613a97dee1cb0661d4a2d6158bb96577170dc81be14b592a528d49db92ca7186add7cd1bea24fde1f11e487a5cd89a4e07c5b8c256a4142b5a4ea390369504e902ae1168dea3d54ed8b4f2ebbb50e40979835577147f4e5d879351a8eb10996f282ad32af46ffd0f20198752d82682b00a4820eb112f9d4da438ca93430b9074d54dded13de472d4a079a468a323369145040d249a563cd25d14028a7d55be9a9396ccba73a7c55a08d1586c6c408d375c571518d07974d8abc406e6066d7a95dd3fb655afbb8278640b7dc0c83dda54c15cb399ea7708a1f7640a4e29be12a18285796a6dd15498f309a3571039b5f8d39513284a54b9736a84629d70999f243d610abf32aeac491750599969da29b3b0dd510d4e35e925d57ef4c34515796e8aa108c4c67d72ec36d022a92aaaa01ca9966cd16ef5bd9caa717821316dcf4ce9ce2e0926805f050dd52c6cf171cba209e03296d66ae37af6887d49c420e4603980aaa9b69966ace16be9925abf863a0ce3573ece9b661b7d3dec46c390ff00128d9455d0b9665e4392ee693641ad0ec801e4daa1a885868a42c8bad611a3a4e1c571ff00ad2c6ff597fdb90ebddd2689e191946d581f389496eea945c570192c0c5c34f76544c4e0b4a55e11a8718a01410b986d212f362d1a778646c6a5d526149560a148536beb24d21b79beb20d634d8741dd4305328d58af7d58c5f096d1d651a08421382453a19994fbb706751fe7f9864b92272546ed34fef19d612dda18e8d149e4500c1c50aedbf2ac03a6ee80fae597f6abf28cfd39cb366bbb2309d8827e791a4bbe8cac0570ac50647115e75d4d948fae441d4de91c99e63d2eb4f8a0a48214351cb619495ab745b728a78eceef45e4f99d8e66cf0390b5e4c6f3ebd6e1ea26153330bb730ab8948a272535ec8712973364a7adb21b0c29b0d23b9631f7c5106cba3acdab1191a690a07360d78e51b90a395873550a72d99a6b39eb26e314966835eb2af3056e28a967127200a1ceaaf57ed979e6d2be223d0ff518ba59bf845109091b865d35a53ed1a468282b81af2d6a18a0a55f3c946a7269b6f5202b08e75c9877da74c1cccd4cb4d9ee2550c0910b2e58b4e5a556d0821ce6d8fc31af8e40e36a287538284265503373ab3614460078a2cb49e2a3898ad2c39e34fd614dafac93430faf6240caa69cea9f9459745da95a8f22cb282b3ba03afd14eea1a93d05b79541fac7367cddafea31555b51da4c550a5a4ed063ade70dec5631a06cb9ad071e4ccfb10dab6a47225a6757a357d39016daac3a9c14228ad17d3d64fd7236fa75e82be90f2b6afe9c8297121493a8c55b2b6f85e234dd755f011e842bdb358a2400360e80b8e7b86d319f99bd7dd4ea4f242d06c3a30508cccc68cc27fab90a4eb5a929848ddc871957785db8c14397388365439016daacba9c1422c39a3303ac9dbc21e4eba5a1ee8457be4abb02bf059d14ef3cb0a41b2ea6f498b582c5cb1b0e59063c4edb3c072933681cdb9a2e71dbc90a49b2e270508cd3c2930311e28a0c3a775cf0a49846d37f40977ee9dd15fef95f9afbb686651c75f296cb82a858a185cb3dd76fe63920a4d95a7aaa1aa334fe8cc0feade3a799a7821bf67a05a77430e1c4a4409697be65cc0784788c2196faa9f9f2d0db005b65a2b3bf74050c0f24106cad37850d519998d198f92f874ca41c14290a695d66d564f42895956b393168e38246d30a5ace7261cbd6e7404f8e5eef8c11f70ede9dc7672b7ea3b204bce1d3eeb9e2e992e7ddbf8f1e809d90e2bc4e1fd07432d3ade2c2b4bd93166a28abd0a8521c1471068ae551509969a37e085edddd2a9b1d7c5277c5157389b943976117ad7a20434ceb48bf8f43437882bf26382c1bcb0e757dd0261f94719eeb87149e5d158466dc683d41d6ad2b1a526af72a34a5df1ee062e6260fb847d9e63e023ecf31f011a32ef9f708fb34c7ca2e967fe51a3287deb8d16594f124c7a74a3d94473b32f2bf35202993458da718b2745c18a7936966e813d322ff00ba46c1b7a4536e0aa14284419772f47ddab68ecbb15b628a46706d11a4d3823aae7fd639b60fe68757364ad4c91a1aba628c1c17a0ec30a43a2cba8b940f697d3e2681e9fcee5c73c81a43c698053783da1b1e36d49ec16d23f8578ffd4f689250f1d3b029a74552a832cf5e45e8578876765dfc3712aec2c11e973944c0b428aeccbf8c36ada907b04935c57d9d63744b287e1a7f4ec14fc36c767312fead53f3ec13aad8427e5da16363aaec134ef8dd57689b4ec76bf2e9dd73c292613befed13df97ebd3cc6fd1840ddda1a3dc7b9b50e9e5da1df73b05f14b553b00ac5cc3e7fe331a52b3007b11a4160ef4c68b0fab8223424d7f98d23d03638ac475181bedc66e728a74b7569430dfd3ca23525055cbbc88bd698f48234483c8b23497e14de62f4a65d1b5779f8455e2e3caf59548a32da10370e825a7123ecee555ec980526a0e1d324a1561e6faaa8cc3b2f69c22a0366b5114f3598afb1174939ef348bc30d7155639e9b57fc69a4690717ed2e3ece93c498e6d8693c12234da6d5c5223d004fb2691cd4c3e8f7d634e6df3c28234d6faf8ae28c369470c7a35b6beaa850c3928efa596558f76ae9e7263b8c8cca7a7a6be8a5e6706df199738eae996b3dd04c36a3d6779c3efe996eb868948a9854fcc7a57baa3c28d9d138d7788aa771d50db87d20d15f1e954da7aef10d27df0940c1229d309407986749ea6b3a93141874734c7dd3c33c8e96518eeb09ce1ff3e1d351abe61cd06d3be0375b4b3a4b56d3d0da756940daa348b12a972657b1b4c6958926f7692e14e8538ebcab8adc353d2cece9fbc5d84f01fe0e954b59a25379312de507c525d6b2d360f746de555d7508f695144ad4e9d8da6b1fc2f93d7ed3a691fc44d06478591f589a3349cfb8dba500acd6e8b2da1281b1229d33ee9eea0c4ba3d4a9f7f4be66834976af7d435fab0a976c04948ab7b88c212998cea5f028a4d838c7f0b2130e6f50b223ec2ca78b91a7312ec0fe5a2d7eb05e339313162f522b66a9d70971b652a0a150557c68009e032cf35a9612e0e9d6db82a850a1116199f19b18671ba911ce79497f91b488a8f2a4c88625d3e507159c495554917522e9c697ed351ff86bf888bd7288e09262a2719e19a879b64cab99a342a22822f9361cf65c8d3f264c7e55031779326fe1146a5932a93df70d4fc20349368e2a51ef1dbcb5c8afd1ab4983bb6722be397fd0f63613e1609e41b1e9966c3637c25aefe2b3bfa4e6ee7dbd26cc214f3a94394d249db174cb5f18d15a4f03120b37051537f11d8e64f85948e42df37b32ba08dead67a6cf3ada15293372ad0ad85ed8be5993f9047d9c27d924479dcb176db2a4aaf554630149c08af629f54986945365242cee8e77c9ca3ffcdc0629fe9b37f0835915b75d10a59d70db3de17ab8f4ce32e8d150f84392731e9e58d9e2351c8fa1cea941ac32de7017909a293afb17951c410a05c4de3865a0be5e4fe6bec0d794d915b1a2f0da98e6e61bf8d212cb245a98586ebba1a9a974d152f4c3bc9d709527022a3b0372ed9a2e61763ddae189a97165b49b0e8da9db91d7475a944f1d5094abd2ab49677f4eb71d365091526017016a4ab54a3bce718be5daf844aae59ab202aab3582955e0dc60333482eca8b90ea750df0971a505a0e0474e00eacb37fd461c6bc49a434d4c36fe7d02c90111265f69d625526ece0a557abb038d35d7c40dbba2ccc4b3ec11ea54468cc375de691a241e072973c9ea4b64f59b57515fb46626105899f0ab05703d28618a2e6d7d54f87798201b4a26aa59c5472630a44c28212ad64e1be28ede5b362dea5761a3acb6be298aa5b5367d45523f85f283c9dcabe3097981bb44c739e4f77f2ac185349929acf0ea9b1d53c61bced92e5916b8f46189516a6dcc0784788c294a25c797d770ebc9625d2b9873c2d0afce39c5264d1b13a4a8b6f672617fcc300240006a1fec2eb81368a12554db05e7e65b2fbba4b3f48a484bb8f7aead14c5bf293c5dfe522e445969094276247fb28579b335db6045061db7ffc4002a10010001020404070101010100000000000111002131415161718191a1102030b1c1d1f040e1f150ffda0008010100013f21fe6b99d94c0144899b5ca62d1dcd22df2669fabf2ae26f53e69a95e14a18abea826e49a0db3198ad1bb4c42a46f53fc535350a9a1a4dd9a7b23568eef07c52f55741fd2c78af774855c50b8ddf67b54f9222b955de49a50cc49c946e64b6dacf7a70e164c6444f2a42edfb1985d9e95862c165d3853864a7258077fe1eff00deb906f431b7a7566d0a3fc16285f8d9378a293e28ca07b4f7a44a7c5256a61bafa54babe049189b06ab915aaa3790e3a782c8b95c25446930106b71d7ca09ed431db7fe358f9bd493ee52ae2e4ed1af1be351626898822e75ce848d57c67936a819708f4b97f069e500151448a27bb77cb83b6aa0b96253b61389cf5c687c4bc38e348ab2d91bba1462e178b1fd50900422489a52262713f19f81c525c29240b9614a7c96a96ed1f0a71dc2c709e0d0682c0c8f090a04e12c570a424c7ebc3d754ca4ed35ec3dfc30e56ce77aa6d8cdf3aa36ac6f6fec76f01fc74123c1f456c15ea14f96b18c789ce8360e529f65180a5e0a2de3c8492daa0610c4f937eae55993fdae427f8ab8992ffe1b74a3c4c2cd0d4a2f43f6150008dadb82ca84ca75270a3c2084fc70a4d6542cebbeb896315cafafb2e5e3864836195099237628c1942c8f2a693eeb27271ad23c8a08d0dbc80b55ac74381fb1a000004006078173080489b941914ba83535a3280ddb1657d2919494d72e6adf6e0d38c4857b50b6a4ea3f105445970c14f02cc358d1d4a492b70d3289a8f59a047012e2039f1a6f6b28956be0f1dd4c1927cf4a52591e380fdc68cd1715a7961504e461ed5641f1e6d17549ed181691fbf188f14f16077a4d4efadcfaa7660c52029ea23398eb4c6fbe7ead4c0e21b68e2a35e180caade20c93298cd2a4abb15ec302838e1f5371d6888dc983d68c46dc795c3250053d6a09332b0687cd2ba5198d081523e70be2773d5c0a70644e2bc090ce2bd80cd76a40188146bed4e069416d23c6272a873dda3deda9b639091059e5e04d05c730ca54679f13dd7d6f4fd5a70708f1d36ed52d18d53bbefcec348165d472a760c85fcf3a3c57e708e34391a4491a8f4cb624bfcd28f0e7593ccc2a6a7c820ad8a498ac7b66f3faab05daa4866329667ad4cd97425629776800000580ca94056c17a8722c57439b4d3f2c5dbd392e52779e5da68912d81b9a783b5348dac7a1fbc7c2f884305df229f8a12c97e5c2b386cd594983c4bd60a60f049f3c255df6dcde9e5cafebb953e12234a70d83e7954392cde5b99b518ca0b9724cc98a8cf8c8730fdad40050f907daaf220346b85ad35a5893e2c06e11968e7f7e0244cdac0c1db56203ad6a950eae074a12c092e453761e6ddf4f11d4f319df6a9a6b01919725f8ac452ce956545d5856616fbe540a4b53f3306da827bf825cc7a05ed2a2e3262732a0348708c4f01eb78819752a71cbbed3e5ed40b492608ecd4152c8c89d4eb5913a18bbb1a1430633f4659c3c480ab018b4929d026c7df3f0fcc70a07663bd7fde7c149b17e0bbf1e0da944927e0650cda8520c82a5012044388f8310d9e8a4ee56205170680e853e5581853bed4fe072fa296e3b2511c029552956eae740ecd6301ae7911e861591b19d1ccf0073b298ff003fe55c7ac59d83a51e18d49e3abbaa3c2d0ddef1749f18169d94d02e455d321b0f0932bd43fc783b890a6a83440002d078479acccc36782b02d43f319f4c8eed71a760b48d2651bfbd5a04084272f13ba1070e3a53a60a2700d0fbf4adcb613f9d7af83530b5973b3a8a2fb0e34831e2d43509c8cd75e986256fe5a9c3841101eebeb4ae18c87dc6f53587b1d704e1d0ef45fc247fa23e7c60531177993e7c1a3628e7cdc4c2924eb33a4614c5f6572b5c05e156065e1b9727df8345c6ef3273c68b8970b7ef509d4cbdeb64cb11e3dafdf7509216d7b3cfa40574834a43150e619b1501dc33f8851c2fc1eb4455a90bac1decf6a506f62dc6ece80082c695210536e8d6cce72728e5f351e44eb1755a488e504746743bc442a5dc2f17fcf130774c564958ce30bb3f5e4e0f73638b814e41f02fb9bbbfa0e4b979ab40ce8ac4f0ccb55caa74a9c7c062620ed0fd1c7de910817c0becf2929d9dca970851dbc9636f16d33f97912eae729b70ab7b27f9b6f6f08cdf3315ee74a8b38674ff005e4c78983235c1075ee7dd7604ff005a60466a9efadab1907a19235b3f4a84ce4e03c3ca2e0d9b36690102e47537f2583813ad61c6c0f26f1c3a0f5a8992cac93c8832f2d1a30c0ee91c54b4b239cba9d223a2b63dbd7e153c997832cc7f6879c17930f11a32c17fa9878c3b7613665ae7e46b6846cb2fe69e594f5f63284262e0586a7c9441100401807af13626f18b77abb356fa170a391b97e6fe3215e57ae27f150796c2a03e6b3bdc0f4df2de2dd62155f80594c8fe2deba1b14be1a728c21e86b25c71292f896e259a90b1a318ced00a3758625c566bc7cd829205af067aadef582a9e5b804668a8ce02c320d776deb63a31f048ace6e0fdcfd089b54cb449abe2736a512a566e86879da245866e22ef6a526cae9e77e6de68a36170cd44d046ec77dfd5694d2063407f1d7d09a301350bc0c545d0ff004a3ced120b83f33f6f4c0b145bc39359266b7d7cc9cb9e654c4d5df7b7f54a690e18e1f55202de3c47ce42526067fb0e7599779d55defe8a3110846e340ea9897332ab13480ed9930a3ccd8a576a606d6afc6f94d1803e3fc57b4af9142f64be68cffc1bd0bf8bbd4ceac1f3467f4bed4fcea1f34af6f9f1582beb4a7f69fcd1e95d8ed52cd79894511cc1f1e57710f7d8a8cfa2e7e8e9d68c3d28a1f2d3b31a64d4bbf438ff002c2ac8607128f845997a0fb6135a0fb516581aaa869819f24cf0dab0faa2785cff00c4357088cea7fa749b9c8d1eb2e85cf43894c9641fe8ff005782f47ac9499b81a679c33fe86ffdb6347acd427f5f53737a67207e1e3fcec5e3dd28f5e2922e0a67719f8a49b45cfe63c50ec6bfef307aed38992dedfcf1b62ba1c00ff0096ca2eb2fcff3992d48adc41392fe059e01721fd18d709c3d76ac4c14709b7f401f1b2e228f5ae4476d28c3b8cbbbfa2d738ce87aad4bb321e6c56d41fe8c52c102fb3ca8c3d56ae95cde41ff003f8004a03762831eed2a57a551138d28a23472d6191bb46c84d4aa2f0bf86347042e69455c02b0dec35a30f55c2a50c05c563e28f30920376b355c6690c1e36aecc8cf9024ad80c9d2a19554288cdc503c8fba29b75952eaf5ae6d24b2df8d4babe4176108380d40714ad4f55c28c3652d85f11dad4010a7180a2516de75855e153034e37b562fcd03df4289fdda524e307cf86023bac6ac55dab56670920699da546503482b7cb5177171f4c119716cd21f77c59deb3852e4c3899fcd73a8f56104964c4fa4bf6317ed47aa381ba69351d2f2fd9da3d7e131192c465e50e38fa41a98346f4cb8106871fbf51a779d7057ed404d81e56f58cf081ff2315a0000040197a70763bb2fefea351a32c3dff1d5eb1e25b0b15e7ca98127b8ff0047a3b51514df07a4eb58fdf95f7c145d23029b7a8a0670a2e637f37e1ea9e7348c8ad8badca0e7bf94be17a870b60a6dd5b3df851981d87a7fb40257e37fd552a5109030ad92881da8f573440718b508e5e1c6b9f7f19f45a946519e3214288d058fc05023093a6166944578220135c3a31ccc951ce883873a2d0460d0bd54db4e74640db478aafdce8868f5a4895ac1a2afda8a6d273ac507f24d4855bc7c455e8f547233af6063daa5c2050506045927955098b708edad3ed73f7acd754baef785729e39c28b8a471a5c5545ab689e15151e048248e254ecb677afdfcd1e213f40fcef47af151e0c07dc4fd7912a6c218afebeab18cf8c78fd5454545479e29736e2e33a73f78a677f503353f8cd18d193c2d6b1145af10ee7f1b65639c78f0aedf12bec7d7aa6a5e86da32360fdd400ede8cf76bed2d4188a99635a77a4c383fc2d15d46e2d088e941a14d44a66c4f07bd4c4fbd2c22316892c297578d1eac89214eac92a59e30fecff009e1d85a16c68382722c8cff855a8e89034882f04a20e63dbfcbe28f5e0e4b2e738fedaa6e9d99ba353c6889c163daa545e583243aeb4b5c99367f82c9cd339fe1507a63675a5bff9422498564a3075761d6b1e7cfdcb961ebde2a434a80cdd94741b517db47daa760f328016b34244283529d6de63940a10e73eb25158c874edfe3ed5b950e39778a4730ab662d469416dd1e2fe02a60918c11bd152caa141ccab66c127a3414f071a6d889c6b12311b71a449968f4f36e56fc9a9f72a9f4db5457b0e47c0a7a1cdb0af84a66eb42b6b252c855de3fa698239faf15150476d34f352dfb30ab868631aee86a88b37f5dcace08a8efe8a85c64896f0bf7f49a323a6d7b4517752c4ece14b02ac062d69d9d82874bdca979e542575128f2ab1d58080fe58a8f4dc3901d0614f70754691d0a5979a10f3a159b0b77dd1a3ad01ff008985aef235ed41600300fedfffda000c03010002000300000010f3cf3cf3cf3ce38d3d374f38f640bcf3cf3cf3ce253098cdc0873c640cf4f3cf3cf38a4f754352855434728cdce14f3cf2db6c48cd5cf3c7a81d477c708e3cf158507b911f771ae30f3336364d1c3630e01448d0d9bde90c35d142bfe012afd7f0faa7b7ab882c75eff1e6d0a5dee664f8c31f05b0fed7f2f3c19f3181c30c30c354ea43403eecf3c81bfcc2a60c30c34c9a030d343cf3c29773fe6bdf369ec55de85acf3cf3cb1cbbff00ff00faefbeff00f255a6473cf3cf3c5e1fff00ff00ff00ff00ff00ff00ff00bf7f3cf3cf3cb0e53fff00ff00ff00ff00ff00ff00fd5f3cf3cf3cf0adff00ff00ff00ff00ff00ff00ff00fe8f3cf3cf3cf295ff00ff00ff00ff00ff00ff00ff00fd1d3cf3cf3ce2ff00ff00ff00ff00ff00ff00ff00ff00fe6f3cf3cf3ca06ffae69f3c3ba62eaa35bcf3cf3cb070a2b030bb0f6fbefa953cf3cf3ce28fbefbefbaabefbefa2f74f3cf3ca21fbefbefac152cb0b10d7cf3cf3ca171ca959eaa1271c29b3f3cf3cf3cf2c99bb16b2cf3cb0dae5f3cf3cf3cf3cee6f14f3cf3cf28b0fcbcf3cf3cf2a2b553cf3cf3cf28f5da12f3cf3ce2aac3f3cf3cf3cf2cf19584f3cf3cf1757ef3cf3cf3cf3cf3cf3cffc4002511010002020104030002030000000000000100112131102030415161719181a1c1d1f0ffda0008010301013f10ed84ae8441ee177d09f3d92545a1180c2af89b3d0afc86a501f3025050760983f100ca9820be201594a20e585ccf32e6163345a78451fa165c25711d319b5d6135989968801a8d9fd328023a5a88a7080c64419c6217422db25085c4454f0f2b77c904967245d03ee1b5e63b9600ddc6537c45c199074050d9c1a1cd299f998fe4e082c47157ccb58f17ad4606c89f101f0450ece8752e232e2d8a421906bc3dc1c395a653ee9701e194e9e04e08eb8d55a44b08e5b194f8811a29e45714de86257848b8ac66f7f83efe219a70838665ba9af74263732b07300bfc9e2c7c8b5b0eb84c16329b92d3fe1ec1bfa1379e6ddf24b86332e50659820ba61386e563337cbd3ebee0df52b9fa873ba39670740d3719981c30191c3e3b1989d4d7c4b4c23f8cfa3f8c15f0fe301797e30d83f194345fb488039f7e396276f5b01326bfd7450ca4a251cbd3b254e40f9cc47757c115f6e97acdad2439e0d9db3b2e259ef1504b4bedd43ecec57be494183b74fc44ec7d02dfebb9fcb53b17fa6771aa795c3ac3d93c5c7798aac3f49bf5c419598fb1f46639427ddc4e93f22de4fc9bba7d4bab43b1a344f49fa26e67fef88db2a6d426d07f97aaaf105abac66fad5620a3a7c9d671d6857cd3c4d1112ea29df5842a166827b380a9b9f24b3044d2292d7715d0ccaa97076458e2d0f2cbea5160f392ceb57d9456403cca3ecd45f66e6ca7b249500352bcc38ea6fa4b040aa0ed0a40bcc456f504511572f7bfffc400261101000202020202020105000000000000010011213110302041516171819140a1e1f0f1ffda0008010201013f10fe8284c407c997ebac2c40681500fdc1c3c17c5a77157c12a9672f4e4cdcceb69141ed0c821bdac46ae04a143492a6764b9868ccccb0da1d0e0a80f931df70186ff31153333b984338bce0cd2b98eda81698eeb4802ce0a54a7a62069870c0d27f11c9ad22d8a822479e588f0651ae1ec407627a854d872e930d00f52b39a0ee28d1c29ed868d1e04a06628d12c5b71b41b865fc4169ea15f80b7ef850cb0f8c1e06014a7d213ec80d99395c12ca962989570d9de8781a6c98aae6c5e1b4d13f1c0d6601c468bcdd870299e9c8cdf0a2aa15184039b860cd9a7814cc0f3b91f0118a197c12f10b1b135c0a36431ec9f4cfa67d33e9e0bb013239bbce9c3a85353ec4a1a23b0f9a094cb7d9a7a04e6253d6efa3b3b344e875d9597a1e0762ae82c0e6987c5113841b753dd994ff00b8fa3fbffc47d04304530f3585a986a55aa23b4a37ddbfccd5a8bc336ae256fc1183d42f35a07dbe679f46e5ff00faaf1c4bfd79e35ebc84a89f3172cb8666fc9b8c20b2ee0b42bcd4559812eb1f4096fa44354c463f85b0808f9841f010385c4b8a87a5d2e296f44af3d3eb654dfa5014cb7d437a444bdf431086a53a59647f52a3e10d808e4f217ee08b332e8955d48764db1045791732401501dbffc4002a100100010303030402030101010000000001110021314151617181911030a1b120c140d1f0e1f150ffda0008010100013f10fe2ada8ea9a282caae0ab03e1565e2b3cd879cd4fc79605c0afd4a382b31ce6db605b4b36a06249fc90ea549a10934ab097c152e039f49a5ccc4ef98da960d7302b269adc367b47e0019c8e1a84c49fc15a4f33d2a3b3e2ae37c546adb72729d965a909516feb4a7ec8344a8069928b0d06f1393196f8d56fdfd36e340f713512c8d9a1c11db8fbbe783ba16235a9f50974056096c69532960b16009752266cfc1106a6e1084264ba9dd0089b941b898e629af37580b2b552e66053d310220891a20cb56d1dcd0a511631739ea7f060eeef695585aa6c1fabd5f70c2a134421f88d0d6b3a4c7cee3562fe11576a1e1dd685643e8a4a17447a4e7759694010b12bf6a70326b2c25739a7d2495e2543f28f12d2f264117ba041d9291cd6952b87e57b898faeb51630bc122dc018816b890301ea8ef5299e05be0e856239d269219683604b80338cc5d8a3ff034b5826b051b1b6f426629e00012cbbb0de91d4092df8d427775499d031dccc4a9327841c5e8f7d0789e80aead47f48686351dad342dbc9c54df4f45e6f439dc4b3ae5ae430adef848a8f00182cb77ed412c6dc949d08c8ea34a81ec2c1aa686abff002a20de3608918d05c0d0e5691350f25946a3b539a19b8a3a3ba71a30e8b1784ea35604f6b25c04a576d62a545bb3ead5ab644cde1747c8a55d76c5982e8398a477ed41e4f210560276a41fee96020c2c05456c831873340b017beeb7503598b4ba50fbc830798a8514aa9308ee975c22346ada4450320a4c01946adc03550a0b1005d75093982388abc6461a9f0e8eeae739af9a641943a5dbeb2a77a8a0efd0e06d20a70d64cbd929ba5fb9a9e5506c1f6ae00bb52020550dc959e90f5d280c98049a4290584e2a3302074d276641b2871e609865816506c185b0b514864c62e425d63562158254fa349951a306c6ae81ad650d98c162a0a0b41a44b043a0e2888665bc3748e6b191c42f6410b500596d6e511d808fdaa9898b40e612d3ac44d4547b8ad668c7435c2653a0b4b02ba1368831a52997ab4e70109b39fb632f2bb572a08c7cd453a4c1e65537813104e1b0e11eb4f688a280590ef12bae5768a29a7ed28069e6c09ad3404b6ceca2d2a1800400180f4876289b1259a948bc156756eae8e379ba12d871baa179413b30e4a8b189a145a0da17e6744a79a7861e939ed4b511fdb8509fc005b0244e51396f1629602d88cc36862964a92431de04936ac5acf88888dd0bf340d6f404445bf09a93d856a06c3546048d5e41c65d94ccd788652e57d236a45ee22d6346ac35693a8503df26ddf06e6d4c5ae5e5ee0740a4114ed33a307e6a6b24989b74c2f1fb8bb06382351d059f8a1e6f59a8f1205bbfd82b0abadcdd27a10ed41ebec1d42d8a438b0adfa281ea50707d827d952e880260848499c6b533d412c155cb395a9ba8a1d748ba0278bda98256734e560f34484f01f014ea29b29a7b29b451e861a2ab3744da991759ea55c92d03560dc29acd01ad0c96fc1cd14b50d2a9980160925c137a0800912e26e7e4d8a38155ed3c8ee3e35a52ae6ca6eaf5adb37c5a858a0a54212ad0175da8d1999c55b7df2e21cc800000800b06c1a549ad4866dd6841849bc55ba470c6c56c1dd87e260d2d24404dd9167d0a1b733661cc83cc5223ac18729d05a7a02ed4c9354ec76c61ce775aca4e79ab5e0bfd56ab55227d36ed48f62912e19f562532b43a34451ead34314aff006013e1d4ae1728ec1ab25b71964b84845fa7a9b6025c6ba05e09bb80cd469c880ee259ad50a9ea551b306e5c61a24e26eeb077cae0e1a3d019f56e40255600e69574bd025b3ca27a145ba12f050d93978e575972dd279a0b28482d24358942200ec19d802001001a016a5000295800caba1485a7701791e520da6919158391e44d5dcb4dc074060a11286e6eb2fc2522a9389252ca79b7254de1b3b34e327274e6a4fa64eb210fb2ebc54c7fca30c2054ed6e178bbbc36a8ee9920332185c817466d4c8810611211c22372f4d7a89184487d53062c26a01f747e477a386ab44d068f6c2d1e41a340761e959363868c3d13fb0390871d223c9a53aa090c930ca88648b42592c5244c15958146bb9bd48d423d437a34df85561138dcb2e80d67676a4a1e918021224bef1cd19a208c90c24fa340cc17611b32d26c4ec0d6829849820ef6fdd46376463b881e6980cab2d97b08b6ebbd29e32f0012abb00f8a74096c2fcf4b6d369971ad6b470725061ca1b50114474eff00ef140466e4476a44a9264af66dd114f4e692085d346740006208e914ff00270124a0f3140098bb768ecbb4dfb1a7188ee833c8d6a536cb73b441f01ec1855d815de50113a732388420edbb4cc711bfa2625cc2f3910a44a536e2565d0284e60e5a6032650af62e60930da9d7234ae3b96c2e70d2364344836fe0cbaed4acc16f9f9e05f96344a3073e84262946c1aad06d31c777e527aa8152d123470c9f134eaee160907868cdd8959b531f0fb9fb9b7a2fa202b60a253a751b74198861b4310d0f0400200e853df26a5081942e392230d779e66920019a32fc1f2d0211c0608fdd2812dbba8fe9ef51080cb8865708a3c35d0da3795fa5161e60d5d6d87375636a458ca32a595572aeb507582e5d5e025782a5a2e3ec1fa4f7a3f26b21224bde966382fa0765297e69b8121b65ed003aeb414bf38517b012b373cd60748adaa040c83652d1560063389dc3756109e3d1349255b4c203e03dcd0000582c7a03e48cbfd590a7b838820ca60275de3ad18a4946c1d260fa1e8e40094302e6965ed34485c01001680da882a35b9ec80906805beac1400160107148fa360b588ceefc15d5ce284951da11649d38be106425c934b146eae51c55f51a4c1f710dd6072b4f14b9cccaeaefab05aed1535353eafa4a53736a0b4f7a20d667ad33f58451be276b1d6ac1af4455c01a4b1a635a82184ed5a27928206053214191b20b6255e448b9858bd39ce2c099655d72b21bcd30896ba3adbe0718a032cd3d11e670e25c9736a204889b8dab6b345172748500fcabff007d08f27b5009bb3e0fa0929da2600f555cf2474a3fa581cf91b5e59e9521ae1f6b2edc60a0541090012ae00e6a2402df8224e16ead0ac122677ab3fc402e83079a126a3adbc28a27a61fdf342c0b04f11562a4de95265c0b7c8ae41f7de1a5099d33c7e4eda37ac67d2d4809506a50d42a359424bdf549a4a34213c7b815abc8481b82bc7cf357b09645024ee4c61539bac9fa28ff00a1c51a00080163a151bce7a0313b9a745992d4802069012731320323660a9f30c80eec3b1627bd4467d8d4f058f5bf3539fe26267270909d6ace62362ea78f5228824c47ca3e946cd5c7518ec7bad1889572b588b952542dcc1968b3bb0dce4fb06afd42bd7b1feb1a6f40869f92c144d9a830c7297d6a9488d2e3a10d5b11df3539721715df1fba4a0ec5c1dc87e6a5dab2489c60f3d140c85b3c5948b16e5cd4287e2a7d6c2b283cb053a8248e490faa5449a97b7323e4d4259d2dbfab2689c87939733e2961c19ed299dd798eeb43534306e59b0ee10ec50234b97582a6de8d1252837b47ef34e13ba727826944042d421e4151c27ff26a3e2888c6065d8b51f9349e2ca231a03fb7425ab3168ed90ddf36965c399d68e94959a0ca47921858fbc9ce29c7198001e8e085d0b25cd81f5795880b99fea83b0d06c47ab40780e3e8dfb40ed3bd4f9e410a89f8f58a575f390268bfed664b542219700cef0e5325f48694eec66dfe9299220e48b827727dfd5a0f58a8a3f2656327114cbeeb327b971edb95cacafe1149438ccdc01989db6d9e26a358ee4439434593b9a518f41b18c04c391e2f5037b2749f5680f8a7682285d6ba8475e455984a3d59ce4720262fb7d533ec8f82b9e31e4924983d2e180058030469a7bf29a3a705fa2b5c015655b1f01f935a3539a411e327586fdb754228c4ce8dab360966029a360688acfbbe5c54da1f84517b67584e072309c850dccd769ae7da3cf1f8254d71061018bed496258000f9371d4b5819b668f74686ead9814f81a3cb83dc23ec7d83d489f6b8521448bfe8b94b0ce12e593a0941bac772f8dc80cf292af5fcb24dea736c642028e84872d72b1c812f738793153e8fa0c6f0fa1f08d429cc5901d8e5d49b033af153ed3e90bacb3b85f7357e47438bfba1f9dc16163cdaa000c611b33693638bcd86ce7ac876bd1d0f3b5071f9635034855ca80769510d22f7173685b70ec6afada8fc054edd4b4128be0d1db6817c0d4d986ecc30e71147b775aa12c2bb00fefdd57d7f3055086f0134cae38820085d87edbd61f99922a2c5186f304f890f2a9bf3b6078d3c3b93ad1649c7ecfdb3f84545491c6e1cbb956c005ec302bd82e70ef433a3b5f7f667d163334450b0b24d5b375d78a45138181595eff3254ff4d1ead6f4b80f165924c7553fe1472c4896a95f268fcdc52ad106012e2364a77489045cb34be2dd4a6eaa4f9040e4560bc8c17cca124446e2367f2d12a2f75b8ef411431b36c2915a1b0fdd2922ad3fb51a8373ff002595f399fb2a6164f0944b0d10c06d5fdca9858746a2ac95d9fb946377a2778288c20d581d906928cad0b1de4d63035913b42999cd4a01acafeed4b9edb2baee38cf6bd1ebadaf43436995b1abfe685b3d9da03e42e8cba888c34e9463d88a43a1582c440084a9835f6fdbb1b3cf0947e5a469b545777cd777cd4bbbe6bbbe7d20a8a8a8a8a8f41321ff00dc7fd15a11f46673bf8a3b0999ff0082ac5fb927eea0c830e3c841f345593980d023591840eb3402104162a0dbdb6a4a056284c3e07ce953d7b89005a5ff006c966a7f84fa454bbbe6a5ddf34ceff35783b2986fc358fbae69781b0b722fc8b1b846d45505218fe3b46c36ef805f86b1f752f490e26a5004c25ddf855c1b4ed73135347f11fbab36aa7d0cfc2d63ef5c55bb480c99360308f156d35320d14d86134e90fa1fc469948ec00cfc5bbd6bebefa283e04bb005038b2693325d6fbf7cd1fc46a643087506af3cfc7afefdfc2d58140bd007ee8c11a147f11a4d1c7e27f55a3a35e7007ebde69c62972d0de427d3c7a1fc46b465497528b13c113de6962a396456d76791f43f88d19a2c9479b1463e7de7d10533cd651f08a3f8ad73b52179ad87ef8d293dd68d1c87b2a9f214ba913aabf8cd38df8a1250218bbe55851ee6151231d7c3fa4d5998891dbf8cd7eed4562d59329938dc93c2d3687b98522c0781abd7e5a0458c16f64f57d1b66b9b7c43cb4054b850ec5409dd3fb0510395c9bf55c0e697c4502ba5148ed525709257d9688f5eff00678ab7bb168e504bf150b5f19b0b14048093c399ac547b99a907dc6d1043fdd687fe54d4d4d48e291322752b9214252690da127c51a0475d0391f8fe94db22753d1133637a48dd8459b4517d51894e061eb1477d47d28e0e25411c68c2eeb12f55a973e750a360e8a51440b7035622c756a26ec4d41a7a4cb1232b587410f2d1741cb84247c347b825539a60aac8432f2433a26b728efb5b62c2426d3a30f1494d9d28950318ebe7e529b1da083d8a7cd1b2f2f14f2968d4472b67b11531b6c7f8615093661127789f9a681adbfb126a797f79d1e18f8a2a473281e4287ede4fd34179b433e0a8cf9b4a755bbcc7151ed040e05845fdf6a520a19cdd4b8893a06f460f71acd35710b5cd90e3dc7dcaba4293ad02662a37c7a47ac54547a47ac254d16250416331297c5fd9680089634044bd604f14ac4e7dc6a3aa6b2da13f4a65a9105d5cfc1e5ef4dc1d8cc1a1cb60e5a550242546fee0eb26ed1ec9aa0d036ec9eb6eed4b7c8f9b396d36eea3dbc28d801137612ed2680707e6803f4f71a58cb4add4a2d2e73fc372835a82801803428f6562fb5ea5fb61010863ab3a051ede14f6d31ac3b93d82866f9f71acecc7b60b760caf4a336aca9d433a8163ae75f616f1ad430ad1bf293da9093c04c3cb31cc53039c0016d2dde6c95918947114b0014275b668d3db2528175d8a33a442b372f1c303bbdc58cd3226e38b2ffcd66afcbe70a4869732efb145a46d16a52a79a6d9b54b0bd04d22dcff00b366b7499d3dc1f2acc5ec0e1f0fb5100959626ceb749a8ed19d80ca586666f42077011d85083dc698d42199540794a84c0f295e6934340717e8d49bd4d6bad4d4fa4ede8a3b54974649aaedf2bb44e9468506d259c113dd50682328ac211927bd717fceb9145a748c48a8ea8666a0755805f6746899de22d81bc0bcdec36a76dd2a82499b0987668d956081f0544b39776ed388a7e00eba28529f7877e1ca0424f7cd1a270f4c2a7862a20445c107842d5ec24c589e040a91f8dc5490a1935a954c743850320c85279dda4e04d57fe5ae79320781cd15899bc8c8c708671f3429cf2eff00eaac665b3fc4d20459c003cc522c4d427dc35dad5cf72c99d6360d00ad2966af4f5909a4b66e6cd474a8bcd126122611c94e7d55b0a2b2dc640dc4d15774a29bb6ac2c564d585f814e7de49a01e84a53d4689c2ffaa8208a0b714c71d68c9105cda44385fad1648d4ecf39b161c15188a8ed50a0982823d23f0434add8300dd2f41d9b2a06769d194900c4a4f46860a5891f928a0975fae698a36064c05e0f342dcff05a9951651a2e85fd19d12e946249535f047458fe9420f700b7268b08f943b70d4cf3d150ec3020faa9258fb2d1ec140d8a1d8265048e309524c27b809f0ff07eb52475f0c894332b2ebad0c44feb455f9a144d38248f84454cc6049134044704e4a8806e4ce739d6f6edef1642d6aff22187b5381a673d3b7220e9b96a4a306dea62024ec41ed4e724f69608da22e51147be425608cd11b9b000b3a9237e2824d28230509290cf29b0f70c77eb4628f75a87c71e8440ea263fe6893d418e33bc0cd439091a5ebb708e8b46a9d4721881ca32cdd2f6814a726a123e1a1b7bcd152c8c420bb3b441e16a7b95161903d4379dcd9465051226137a596b0eddb706ac8acdbce5486ad41e42eb41ef0ff5b4c1f6e91ba53459a4444dd9af705f5d9a8d218ccbf9151cc6a958b8625c454fedf72109f34ff257263ca46d66d69a979c82477e89a8dcc50fbc2795e0c8b8f25586a67d8232bc3ca973d5d55a466f609e66a198eb6498a804da7556a6ac89efcf24918771e71d631905b30a1316009802d674eb4980619c744a342723f5ab5271c4083e690440090dc1b2366a582651c90be8f922891540039182590b2e934483db705daac7ef9d278c178d416c5e9e9e9d9565798342dbd21b56982082eb70559e32331d437476c926b43d068258694d05978355f7d0dd2a091a6da570b0e3be29108658df493f0a75065c6efdcfaad398ba8bf44f6ac36174aed294c42e4db44401b2dbc3679201159c50a76397b5850ac6d68715d006939778ab9bd825dba26e4bbbae0001604a301d56d495374120f308f135a4bf005cc93ca7828498657a39113d15280b14201b0163a1fc08a8a8a836a836a86d5759c547b4df2a385a3e5157173332684243803137e8bc55a473d70a704547206414ecc43f1ef581b113e2cf79a883ff0086049246d4f5395457d26b7541ad20100705197d1fe57fffd9);
INSERT INTO `taruna` (`ID`, `Nama`, `Nomor_Taruna`, `Tempat_Lahir`, `Tanggal_Lahir`, `Program_Studi`, `Foto`) VALUES
(2, 'Rina', 'T002', 2, '1999-02-02', 2, 0xffd8ffe000104a46494600010101006000600000ffe100224578696600004d4d002a00000008000101120003000000010001000000000000ffdb0043000201010201010202020202020202030503030303030604040305070607070706070708090b0908080a0807070a0d0a0a0b0c0c0c0c07090e0f0d0c0e0b0c0c0cffdb004301020202030303060303060c0807080c0c0c0c0c0c0c0c0c0c0c0c0c0c0c0c0c0c0c0c0c0c0c0c0c0c0c0c0c0c0c0c0c0c0c0c0c0c0c0c0c0c0c0c0c0c0c0c0c0cffc00011080192014c03012200021101031101ffc4001f0000010501010101010100000000000000000102030405060708090a0bffc400b5100002010303020403050504040000017d01020300041105122131410613516107227114328191a1082342b1c11552d1f02433627282090a161718191a25262728292a3435363738393a434445464748494a535455565758595a636465666768696a737475767778797a838485868788898a92939495969798999aa2a3a4a5a6a7a8a9aab2b3b4b5b6b7b8b9bac2c3c4c5c6c7c8c9cad2d3d4d5d6d7d8d9dae1e2e3e4e5e6e7e8e9eaf1f2f3f4f5f6f7f8f9faffc4001f0100030101010101010101010000000000000102030405060708090a0bffc400b51100020102040403040705040400010277000102031104052131061241510761711322328108144291a1b1c109233352f0156272d10a162434e125f11718191a262728292a35363738393a434445464748494a535455565758595a636465666768696a737475767778797a82838485868788898a92939495969798999aa2a3a4a5a6a7a8a9aab2b3b4b5b6b7b8b9bac2c3c4c5c6c7c8c9cad2d3d4d5d6d7d8d9dae2e3e4e5e6e7e8e9eaf2f3f4f5f6f7f8f9faffda000c03010002110311003f00f9ee8a28afc6cff47028a28a0028a28a0028a28a0028a28a0028a28a0028a28cd0014519e283400d45cd4c8bf2f142280d8fbbf5a91531d785aae583f84ce32a92fef11aaf150cebbbfa55c8a3dc3dbd6abdccb029f9aead54fa34ca08fd6a7ead5dfc28b963301497fb44941819219cff00a75be25fe13ba836f338fe158bb735caf8afe3f784bc0b7df64d6350864b86e3287763f2aa371fb46f80e1b65b897574f25ba2806bb28e55596b63cfa99f61e4eca71fbd1dc5bdab7592e01fc29d34de49c2b6eae47c3ff1cfc17e2b93cbb5bc8c1ed97c7f3aeaa136b77187b59a2995ba6c7068ad85ad1e874e1f30a32da6afea80521e452ed2bd4628230bcf02b865ccb736abf598eb88774267e6a4cfa53873ef46dc7b7d6b1937d4aa3f5696db8514515d001451450014514500145145001451450014514500145145001451450014514500145145001451450014514500145145000bf7c54c832950a7dea997fd5d00092eeff478570bea6a6fb1470af96f300dd7a74a819dae2d56555dadd3deb13e25fc45f0ff00c24f0e7f686ad70ad36d2550b7248aaa70751f2c4c71188a7460ea556924afae86edd083c8335ede47f28ff5cc42607d2bce3c6ffb55f823e1e4ad0ea1aba6b0533fb955d9f86457c7ff001e7f6c6d67e306b12456ab258daee2ab123fde1d0735c5e91f0d350f13c065be578370dde6bbe73f857da60f85791a94de87e079f78cca8374b268dfcd9ed5f17ffe0a1da9ebf33278610e83670e5628b3e66f07af26bc235af14789fc6faa7db25babc925ba392c9230ddf803c57a2fc31fd9bae3e20e8ff6cb3860d46df4fcf9d234cb19fc89aee7e1e78134cf09ddcb6e5966bab8602184ae4211ef5f4587c350a3a347e339a7156639bd473cc26e3e9b1e1da2fc32f126b53cd206b88ee6df1f24ac4e73f5a6defc29d6ec61992e1a55b88304a6ece735f58f8aed6cf4ed3245d7963b3d6ae1418c4786181d395e3a571da7d8417fa149717e479972c154e32460e2bae9ca8cba1f3f525563b49fdecf9be4f08ebf6f1c722c37302cf9d84487b56e783be3b78dfe184ebf61d4a7896ccf21c6fc67eb5f487883c376763e19f3269164fb12e40f2fd6bccf55f0a58ea968cd0d899beddd703a62955c3d192b1b61f195e9be6849a7eaceb7e1affc1492f2c9961f11589d589c0336ef2c2fe55f4df80be2d687f167c3e971a7df4572ce326dbee94fc6be1d93e0bc373a53436c9e5b37f0e3fad62ff6678cbe06ccb7967e7c11a9c8656c8c578b8dc8692578d8fd5b85fc5ecc307514337bca3fa1fa312343059c6228cc726783d6a4b98ae1ef626b9612478e00af98fe037edff6fabac3a778a23db3642090d7d3767736b32c1a95b4cb3daccb9500e7b57c4e6197ca94acd1fd199271465b9e5352c1b4988783451bb765bb75a01cd79bb1f40f4d18514743451b6e0145145001451450014514500145145001451450014514500145145001451450014514500145145001451431c0a037d012568dbece7eefad582d02c7e4c7f34950e047a779cff7bf9551f147896d3e1e7879b56b82b8d85864e338ad70f4a5525ec17539b19987d4a2f9fe15d4c9f8abf12ecfe13f8426d5f519916f154ec8f3f9715f9f7f1cbe35eb3f1bfc54d2cd348d6fe66d48c1e064e2aefed33f1eb52f8c9e2f9eea491d6c55caa460f000e2bd37f600fd93ae3e3078c61d4af2091b45560c58a704ff00faebedf2fcb6394d2f6d3ea7f2df1d71b56cf717f50a0daa69f4ebff0000d2f82dfb15d943a0e9fac6acd24866469197ca3c606456effc28493c7f3d8fd8c4f6d1b170e3ca232076fc6bf477c2bf0323d274cb1d3e168e68e55c27ee87ca05775a77c03d2f5b82ce3b758ed9a6c85c4238c75af3ff00b6ea3773c18e4b4e31b1f98567fb385af862d7ccb7f0edd40a7862972d863eb8aed7c1dfb24eadaee9e2f74eb3921ddebf3115fa83e17fd983c2eb67f64d434f8e76f5cf5aeefc31f043c33e16b4fb3daf879197a83e66315b2ce67d4ca593d33f2ff40fd81f56b9996db528656fb573b9f24f1cd6d6a3ff0004e6b8d3635bad3e3676bae318e063dabf4e6e3c2ba6dda6e92dd15adfe51f2f4cf152693f0ee0b26f2d63565b7e7a7ad614f36a82fec9a67e75683fb00ba45e5ead2f9db874f2ea0b7ff8276369fab3be96de5ab0390d1f6efd6bf4bacfc05670ce645b149bbf2d552efc316775a8ed7b158541e707b52ab9b546ac1fd934cfcd59bfe09eb2ff0065b5bdb427ecb9249dbce6b2f52ff827f5e6a9a49d3efa1c69fd14b2f39afd48bbf0458c8ff68b38d469ebd463bd60f8a7e1daeac825f2d56cd79000ae35984a8bbb67a3fd9f4674acb73f017f6c5fd8235cf81fe21bdb986191a18f0c0aaf6aabfb277ed5ff00f080c96fa2ebde64b67bbcb52ec78278afd98fda63e04e9ff15fc0bad59c96eb25ff009784253dabf127f699fd967c41f0cbc6332fd9d9552466538c630735f4183c547151b33c9c06331194e27dad2bafd4fba2d5bed56aa609164b5750f953d01e6846f2be5b7e57b9af94bf632fda92f3eda3c37ab4de67987cb4773e95f56dcc42db6c30fde906722be433acadd1a9ce8feade13e21a79fd0534f5487678a31c5276a0366b8272f6d05147d3c65ece7ecc5a28a285a2b14145145001451450014514500145145001451450014514500145145001451450014514500146714506802478e3b86468ff00d76a1f7c7f776d7c87fb7e7c7b9a6bff00f8446ce43f66b1e1994fde279afa5be2a78d22f861e00bdf13b37eee342b1a93dcf15f9d7e2eb8bcf1ef8964d42eb7349a94d94cf5001afb6e1acafdaffb435b1f87f8b5c65ec287f6652f89ee47f07be1a5f7c5df16db6936f148cd24801207bd7ed57ec53f0217e08fc1eb5d34c718959013f28cfad7cabff04e7f80fa3d8dfc3ac496dba440a7250f5afd07d0eddb5178e4886d894602e2ba389332588ff678f43f14e1bc346cf9be27d4e97c33671c846d5191edd2bb3d1747919976aa8fc3a561f86eda18f1b6bb3d19e407e5e95f331940f765ce6869ba724278fbd5a12453ed1b6a6b748b3f2f5c5685ad8492af18f7ae88ca1639e5ce5286df38f97eb57238580fd33eb52c76c3774fd2ae43062ba29f21cbcd53b9552c78ef56e2d3c6cffeb55986c3e6ab71e9c76f34568c03f78f4b9956f6b1c631fa567ead147bbfbbeddaba68ed620bef58badc3186f7af2eb617da8f96ae1aaa4de871be28d3e35b86691576b8c6715f07ff00c14b7f658d4fc596a750d1e1565933bcaa0e17bfe95f7e6ab770dd39b7994ee1d0e2b83f889a3cdaddb4965b55e1642bf30e808a74312f09a23d7c646954a376b53f9e4f8e7f04354f823e33fed0b3465d1f7abdbcc0e3730fbdfad7d71fb33fc6ab7f8aff000d24ba9265fb7696a897284fccd9e16b77f6f2fd99ef2f7c3fe28b3b5f9b4ed1595ed881fde396af8aff00663f8af0fc1ff8cd6f1dc4ccda4cefe5dd45d98f45fd6bea656c6d1e67b8f82f88aae458c546feec9d99f7e83c0f719a0f14a19658d5d7eec8a1c63d08c8a3a1af80a8bd8577067f59c6d5b0d1c52ea00e4514514cd028a28a0028a28a0028a28a0028a28a0028a28a0028a28a0028a28a0028a28a0028a28a00283c8a28ee3eb401f3cffc143f5a91fc13a1e93653332cc5cc800f43915e21f063e1db78c3c5766ba84854c8ebbc6dfbb8c62bdbff006ddb899b51b18e1b1dc5ce5006c918eb56bf663f03cde2bba93516d3f6acac810e7a63835fabe515a30ca5b3f8e7c43bd5e21adf23ef8fd9bfc116be16f07c71c2b1e7cb5c6147a57b1f854f9b0797ef5c27c1df04dc69b611abb12362fe1c57a5683a298aeb6f3d79af84c5d4f6906d1593d0e4a106fcce834c50d228aedbc3f681a306b9bb0d0bcb75eb5d6e8d62d0c4b5cf189d528a36ed15032f15ab681702b32d2f21f32b5ad2ee127ffad5d1189cf2897849171d2addb08caf4ace88c7bfa1ad6b18e32bf74fe55d5ca70f30e55fb38a9a293cf14489e78ff1a84b7d9c7f851ca1cc35c654d64eabd4d6b37ddac9d57ad72ca2cd548c7d4f4e56b7ddf2fd715caf8cb4af3ec703f4aef2e74fdda7e6b0eff49f3eddb83c73d2b9e51ee744647c59fb4cc1a1e932ea9a35cdab32eb49b5c9cf5038afc82fdac3e0dd9fc1bf1b59dc59c2cbf68b83238c1f970d915fba1fb417c2e5f15de7da26b755918165248e36d7e5affc1477c3736bd69aaea305b2ac76e42c7d38c706bdbc9dbf6ed7438b30a91b45f53b5f829e318fc75f0ded7508db3e5c6aa79f4e2bafba9bce8639bd38af09fd83b5692efe144968dbb8e3f5af73098b6586bc0cd52fed167f53f03e2bda64b093ea90f1d28a074a2bcf3ea428a28a0028a28a0028a28a0028a28a0028a28a0028a28a0028a28a0028a28a0028a33462800a33834668a01ec7cdff00b596ad7da17c53d203b02b7db9403d3a57b9fec59a4cd7b650e8ac577484374f7cd785fed95a44979f153c1eacfc3349cfe55f4efec3da1c31f8d24bc66dc2d95071ee2bee6159c329f91fc9dc5d87e7e22c45fbafc8fb83e1d68d0e8fa3ac64fcc140ae974f6471b57ae7ae2b93d17515fb684fe1c5751a5ea505b5c61be5182727a57c9e066ea527739253f634628eaf4e62597e6f4addb50e17af15c2784fe25e937b71b5668646ce30ae1abbab4f1868ae8bbae2dd7a7590715e8469b38658a342d6cd602bb54d6f6976125c8185fd2abe9fe23d2b5165f265b765ec5640735d2692d1aa8dbb71f5ae88c19cd2c511cb62e92a9dbfa569405a08071fa55a88473483a55ab9b7411718ae9e532e6325ad5a7e71f8542eaf69d0735b0b2a23638a996ca3bb19cafe268e50e6394b95ba964dec78155b512b7c9b19b915d24f159a36d9278547a971587e22b9d2f491e679d1b7bab66b9e54e5d8d235177299b8f2971b855795657f9832e3e9d6b2354f1be92f74ab0dc4479ecf5756f61b9b6578dc3293d41c8ae5947b9d31671df193e1bc3af7846ea62c448a32315f957fb6efc3f5d523f115abfcab1818afd73f175daea104d6e3fd5b01f8d7e72ffc1447c330e8e3c40d18f9995791f4af5327b7d659cb8ea6ed1b1f29fec79a6ff61fc3b655ebbc8e9ef5ec0f232b2b3579ff00ecbba31b2f870d249fde63fad7a00bd1a84aa8a3d6be7f36ff00918b67f53704d36b278dc0514515e79f5e14514500145145001451450014514500145145001451450014514500141e945140205183450bde8141359734d01e683c8a46fcbeb4a38aa8ee7556a6953573e7bfdbbae96c357f03fac6d2e48f7c57d77fb03f82ff00b3fe1cc7ac303b75351827db8af96bf6ddf0536bfe0fb5d59724e93228e067ef3015f6dfec83626dbf662f0ec3b595a3439cae0f26be8eae217b0563f9978c305ecf886725d6cff03dd7409a1d234d924bcc48aab906bc13e2dfc4af1f78e7c412e9be1bdd0d8ae46401f30ee33ef5ec5abbc96be17fb2c1fbc9187268f02f86ede4d2b6cdb20b8ce4b11d6bcdcb6a5ea1f339852fac529247ce9f09bc05f1274dbf9ae347f0ecf6335b6e11bb5d799bcb753835b775fb1bfc66d534286feeb5fbcb59b50663346a9bb68cf1d2beb77f8a3e09f83fe1b8752d427897ec4c04ca9f3b312703815dd683fb4ff857c4b713369faa471dbde22f951c906d65c0e7835efd394f7b1e1548535a367c2fe04f879f14fe115dc9a6cd757535ad8b29462d9dd93935f63782be37b78674cd0e3d5c337da9584e73f7481c56a0f127867e22ea57b656acbf68b100caec9b4393d3935c6ebfa1c62d9ace651249707f73eaa075ae7c46327076b1d187c1c26ae7bb783fc796fad0f966561d4735d37fc2422d38f2d9b7700d7897c24b7b3d2e55db36e61db35ec5a7ea6d3c40471ab0c7526b1f696d5955b0e666bfe315f0ae5a56f9ba819af1bf8b5fb40f88222cba547232f2322bb3f8941ae6fc0b8ce33d2b0afa4b1d3ac57091b7f7b3e94febbcbb0e8e1ee7cb9f1235df8bde2dd72de4d25ee8e8ebbb7ed3eb50429f1ab4ed1eda3b1fb4496c84f980e0920f5eb5f53687e32d2b4759e3b630369ea572a305867af1d6bbed175bb159266b78e15b30a301d42e723debae9e695a5f144e3c665f42353dd67c2ba4789bc4506bcd1cda0dc58dac0400ed704ee63d4fe75ed1f067c7be20d27c466d75297fe241163ca2581ce7af3f5af5cf1f786fc2be2ab6f2eeadedf6c59dc6270724f4e95e67ff0008145e14db6a9a6b5d59c0d92c26e79e456388aca5ac8ede57182e53d335fd53cb58563e524079af8e7fe0a31e158f4ff871a85f2fde9319cfd6bebc8f6cbe18b591befe0800f515f2ff00fc148f4a913e045d4c496dccbc0ff7ab870f3e5d51d7468f36323267c71f092dfec3f0f1636e0b127f5ae853f74a954745b5fb0787ede31fc4076ad0bd1e5cb1a8f4e95e6e3a5cd2ba3faa321719e0a30419a28a2b94f5828a28a0028a28a0028a28a0028a28a0028a28a0028a28a0028a28a0028a28a0040d934b8cd205c1a51c9a02a3e598e458e4d4264b8fde46a0608e315bdf0bbe1b5d7c43d5e68bed2b6767664659b1deb9dbadd18b84b31e648bb4926bd0fe187842e3c7ff000c7c610c73bdadd59b5bfcc8338cb0cf4a0f173dcd1d181c37edcdfb3eea9f0bbe08c9a858dc2de59ea97306ec007a482bea7f84c633e0cd3ece08d61b8b7b68b72e38e5457997ed7fe05beb5fd91e686c2e1ae974996dcb6f18eb22fad7ab7c29b56bcd02ceeee17cb9a6822071db0a057a92d68f29fcf38ecd1e3f389ca474daf69b358e90d225898c819ceecd7cc7fb427ed1faa7c3f591639a4842e7202f6afb59b4b864d2f6c975e7657eeecc578dfc6afd9c74cf1a5b33369ab333671938c9a32ba569b6cf1fda724a713e5bfd99fc17f12bf6c1f11dede786646f0fd9ac6d2c17f2b89bce655271e5b7b8c5784fed27f1ebe27fc1ff0010786aeb56f89571378d24ba92df5fd3534af2d74240fb636040c49b979c0e95f7dfc03f83979f0db545fecdbb93c3b7d68d958d577a907afb74ad3f8d1f047c2bf173c671eb9af6930eb535a3ab9711f97e6b8c63381ea2bea3038ea72f75a3e6732c0554d4a2ec55f863f0bfe25f843f65bd63e2b43e349be25f84da3824b198e9ff0060965ce3ccca7def90e7af5c5759e10f8aa9f107c27a4f88348d4a4d45ee832c77e6128d291c3298cfdddbd33df15eb76ff18bc5f71f0f7fb261b385ad4a2452e9c91aac71c630063031d2b2346f86963e06d6b52d434c9d2dac75408c96e22f960603e6c0f735cd99ce9bd523a72ba7522acd94fe1dcd2dbeac9bcb658e4fb9afa37c356eb77a4a367e6db9af18f0be8d1c9a9a151df9e2bdabc3d66d069aa067a76af239b98f4eb4ce3fe2335c4ba7b4db76cab9e9f357c85fb577c6bb8f87f6519b5bcb9fb64d22c6b1ac0c72cc70074f7afb3f5bb71a6ea0d24636ab6783f35787fc5ff86bab788f5bfb67daa1fb32b6f086d95b38a71c3dddd934e7747c13fb695ffc5cfd94f4697c5773adcfe0ff00145fc693697a68885d47aa2e01277fdd4c039e6b53f640f8eff187f69ed73e10b6a7f12ae3c4b75e2d4be17da143a6888698620762bc8bfdfc719afa97e34d869ffb45e8967e1ff1f59799a3e95f25bc0cb96e7fdb1cd7a7fec9df057c1bfb31689a9bfc3dd3e1f0beb7ab22fdaef1ff00d277ed1f2ec0df73f0eb5f4af198770e548f9cad97e2556526f43e38f1e7ed4be20fd97bc6ff00d8be2cf0eddf84754694aac2d31ba128cf073d06473f8d7d13f063e3d27c45d2209a5274cb897045c7faddff00f01acdfda03e04ea9f1c3c4df6cf10ea11eb9a96f3826d827ebf4aebbe0bfece96bf0b6ca39d6c3cbbc1eafb87e55f2f8ea6e72bc4fafa318c292e63d504725df95230f9557ae3af1e95e23fb5ee816be2df851756eff36e9e24e7b65c0af7eb19964b10adfdd3f8578ffc7bb1b75f87778cc0e7cf8c8e3bef18ae794b9519e16b7ef1499e3ffb497ecdbe11f855f0f64fb3caadaf5bc11bed1db7006be65779a1b2b779bfe3f549c0f6afae3e37f845759f07f8eb5ad424692fac61b5f2f278190057c876b7725eb1bc9fef21c01fa570549733d4fe85e07c6ba949296c4c0e45146734541f6e145145001451450014514500145145001451450014514500145145001451450003ad04e067d28e941fbb41cf38f3574c8d6568116e9bfd65c6463e95f437ec34f62da0789f4bdcad79a8988853d4ed39af9fe18c4bab43bbfd4c6a4fe95d67ece3e3e8fe18f8fedf5a958fd9ee99a32bfa0a0f278cb2f788c37bbd8fa53f6b8f01c3ae7ecf9aedac4dfbcbe92df685efb5c669df0f236d0ed2c6dc0cf9712039fa0acbf8e5e259a2d37c2566cdba3d59a491803d403915afe1ad517fb40719da00e2bd291fcdd5a8ba7267aef86626d51c498e075e2ba19fc25fdb712aed1c7b5607817505440bd370af47f0b5b6e62df2fe75d34363cea9ab39893e19d893feabe6ee71cd496df0cec571fb95fcabd02d638ddb955a96486341f70574d1396a9cbd978421d2a12ca074e78eb589ad5a5bcd2b06c2fb62bb8d6ee23d3ed8eef4ef5e63ae6a4b797adb4f7ed456d4df0fa1a1e1cb6d97cbf5af5ef0dedfb12fd2bc7f459ca5e2d7a5e85a81166bb4f6ed47b11ca63bc49a6432366b363f0e41749b78e7d455ed7ee94459cfd2a97877565967dbd79a7ec8e7954e8627897e0f585f8e2153ebf2d33c3bf0becf4b3ca37eb5ea81e3957ee0e83a543716b1c8df2c62ba198dd9c1ff00c2030c0dbb6ae7e955eeb4658095af40974d8f1fceb1f51b481188c7e95cd21f333ceb521f63b59553ef5797fc638afb56f082c51afcbe6a6703b6e15ebfe23b2db24caa2bcdfc51732ae99e515f97cc5ebf5ae1aa774fdfa4ac71ff00b6445a5fc34f82ba869fe60f3bc510c58c9e7298af85ad6dc5a69c554e779afa37fe0a33e31ff848fc7fa2e971c9fbbd2633b803c7cca3ad7cdf18631951fc26b82a1fd1fc1380b656a4b7261d28a28ac0fb20a28a2800a28a2800a28a2800a28a2800a28a2800a28a2800a28a2800a28a2800eb41e9474a07141318dbde6201cf4c52a9d8f1b768d8363e868ef48fc8a7d4cead555a128cbb33e83d67e2269be26f0ff8375058582d924a84924f278aee3e18c7bf4e8c4671939e7debe7df1d78c7fe118fd96a0bd583f796f2a2823b66402bdc3e0f5fff0069e976f233797ba246c1e3a8af4647f34e754f9272f57f99ee3e159840839aed7c31ab8ddf7bf5af2dd2353212badf07de34937deae8a1b1f3317aea7aae94df6a3b855dbabaf2178ed58de17bb2203f4ad0b65fb74edc575d239ea9c67c4df112dc9cc8769e839ac8f0768326b6caf8f973d6b53e37f8518f879afa3e91f3815e41a37ed40be0fd3e5b7f26432c6ac00da7e63da9563a30e7b1be8f25878d8ed9a36840195c81dabd2bc19a95ac56ec20b28e5907de265afce783f686f89de34f88524b1f85e6b7b10e724dc755f5af6ef037c6ed5058796d6735bdd2e377cc4d1ed8de5451f5678821d3e78bed0acbee8393f95626ada01b4d3c5f5849e5b7a11cfe55f2a7ed2dadfc62f18787a1bcf8677cda3df423326a65164cff00db36ae8ff655f8e7e34d4fc08ba3fc44be9b57f1423053ab083cb1d7fb8bc7b557b4d2f739274ed2b7e27d1ba1f8b2e34eb958e4efd735d824cb796fe61f4ae0a5d02e8ba4a7918073eb5bfa5eaccb008dfb56f26729af1afcb593acb2aeeab6b79846ae7f5ed48acac3d4d73480c1f115de54fcb5e5be3f9dbe6e3b66bd2b5bbb0caddfe95e6be3c937a4981d55867f0ae1a87a186bfb3499f0efed073dc5d7c44d62e37165ba2814939e9e95c6ba7cdba4ee057a77ed19e06baf0bdbe95773302d76d21619e783c5798f99f6eb78f35e7d4dcfea0e11adecf2a8a614519cd1589f4014514500145145001451450014514500145145001451450014514500145145001451450014372a68a09c0a0396fa1d869dacc7e2af84ade1d936991983e08feeb6efe95eb9f09b57feddd1f79f9570a831c7dde2be77d2a4934cd563bf462b180411f518af68f815a879be148e25fbcac4fe6735bd367e31c7992ca84bda247d01a74ca557e82baaf0ccea8e39eb8af3bd0b547751f4aea345d50c65707bf35df4cfca64bdac794f64f0c4fb16ba2b7d5562e38ff1af3dd1fc47e5c5d3b5492f8c4c6e46768fe55b53c45dd8e6ad1b68765a96b30deda325c5b0da7d5abcef5cf0368bab5db3fd8232d9cf155758f1e2bc7f35f2ae3ae78a8bc3bf15745d3e6fdfdec6ec3b75cd7a14e9f320a3165dd2fc11a6ddeaabe6db2c67a70b8aeb3fe115d2ac48ff00458f18feed72d1fc4a5d7352135bc2a157d0d74ba4f8ddb5f93cbf236b4633c9f4e6abeae6d1c3d52d1b089e1f2e2b7f2fd076ab5e18d3ed7439b7ddc31af3d760aa76df1067f1286b88add6348b8392074e2a1bcf8cba14edf65d43e49578cf6cd1f573cfc550ab73d126d46d64b7f9597a5650d622b794ed22b90baf102dbc5b965465c646d7cf151695e268eea6e79e6b9a667189ddade610f3d7f5ae7fc43701dfad4d35e908b58f7d73e639cd73cb73a62ac674f750dbcb2ed39c8ef5e7ff00102fa7b4d02e2651c2a961f85773a92c71472303cd78efed2fe346f0dfc399da3c7cca475f5ac5687b196d1788c5c79763e3ef8b5f10efbe22789d9e42db2372a067818ae7a593cab855a459e467924eecc4d2099603be4f9ab8311ab3fa872fc2f2e0a311c28a28ae73d20a28a2800a28a2800a28a2800a28a2800a28a2800a28a2800a28a2800a28a2800a28a281d9adc28a28070681276d46cf3b4f0fd9857a67c04d7b7cdfd9edc6de6bcde1648ef8c87b8ad2f02f885bc3be255b85fe2703e95b40f0b8a30eb1b8572b743eb0d035469d70d818e2b7ac755fb33af97eb5c968b72b75046d191b5941c8e86b7b4c9bc86f9c66bd0a7aec7f326222b0f897067a1e9dae34eeaabf77033591f107c413693096b652cf82703b9a4f0b5f2a45b5b1b9ba55c16b1fda37dc00eb9e01a98c39598d68df53e41f8bda7fc66f883e2bbab8d1f4f7b3b5523e5f357e6156be18f867c71a1eb569fdb1a4c8d37219ccfc7d6bec4d5fc0967ae585d5d48df659c05da8bce7f2ae1fc49e0ad4a2b7b56f24f96b921c75af4a9d7e5d028ab1cdf87fe06fc47f15d89ff847bc40d62e79e610d8fceb4d3f667f8efa340ad75f10b6ab11f28b24e7daba1f0dfc72bcf04596eb9b99542f18584ff4adc83f6cfd3aeedb6491dc5c30eb98d87f4af41553dc863a95ac64ea5f077e2ae95a5af9dad065c0dd84519ac1f14f83b5e3a0347a85d992600e084e49af4a83e3f5bfc412b0d8adc73c60a30fe75d1687e109b580bf69b5de09c824f4a3da6879f8ac7537b23e4df0e7c06f8d57f74bac59ebd2697a6c6f96b67457debf535f4a7c2f9a697418a3becdaea31e03dc6376f3f4af4cd434486db47fb25d462418fbea718fc2b99545d3d0dbd8dbadf7aa93b36fe35e6ccf1d455cd49ee59971d78ebeb59f70cdf9734d7d5be5e9b71fa5579753523ea2b17b9b28e851d72e44d729bb84bb0779f4c74af937f6d7f1e2c36e9a2ab7ef2f09de33d31d2be88f1df89bec3a25d9dcaa5577231380b8e4f35f067c5ef1dbfc48f88d757edbbca56da99e831c1ae7c4fb88fd13c3fcb556a9cecc0c8028056a12cc3e946f39eb5e7c7de3f7ee654e0a08b14503a51bab12b70a28a2800a28a2800a28a2800a28a2800a28a2800a28a2800a28a2800a28a0f4a002909c52af2683f2f5e3eb57ece0b526a622aad2aa13ef0a53474a4ceee9cd4ba9189a51a12aabf77a0b4d6a09e3ad39226b991238d247691820daa5ba9c56d85c2cf12f433c757a59760a4aac91ef9fb316b93788f40bad3ee15becba5806ddcff1e793cd7a7584865b0f3e1ff8fa9090cbe80574df05fe0043f0dbf66c4bbbb55fb669b1f9b707f8983723f4af35d1bc691eb125c6ad62f19b576daaa187183835f5387c2bc3c6ccfe43e20cd3075f1d27e675161a8496aff366ba2d3f5a59d143374ae2a1d763bb3c6d07d33d2acc578d1b7ca7bd72cf07d4e5fada67aff866ff00ed636fe86baad3f44fb50076823d08af34f057883cb2b5e8da078a9500ff001ae7951698fda5cdad3fc0ba6ddae1ade239f5406b5b4df833a45d3eefb2dbff00dfb15474cf17c617e555fae6b6f4af1cfcdd3f5ae8e633e545db0f8716b667e58615c7f76302ad4fa5c768b81c7d0525bf8b149e6a0bdf14c24738fce8e6172a3275e95149e7eb5c8eb7751aeec7ca4f4c715a9e22f104201e6b87f11f896250df32fe74468db733f6972496f6644fb35c49bb7f22a1bcd572cbe5ae23b71f3313d05733ff00094dbadf59cd2c9bb76efd2bc2bf6dcfda8351f841f02bc4daa69b8f962f2c1dc07decaff5ae9a74799a26759c62cf519353d0ff0069db3f1e78034fd4a3b5bed2a38e417109f33cc382d818fa62be1d96d6f1350b9b6b989a686c6468ee2171e5336090a79e7b66bb1ff835c3457f8a5e3df89579acea1716cd69224b1c92832799bf71c64fe55ed3ff000525fd98f52f097c4c6f188b76bab5d7d9becd0449b1709c1271d3d79aebceb296e9f344fb2f0bb8d2961abfd5b14ed767cbd9cf4e3fa52e6915b71ed9f4f4a072700eefa57c4c39e8cacd1fd475a9d19d2588c3caf71e1d680ca6a1ded9a0b907fc69fb38f539fda5586e89e97140e940e053f61096cc871f6bab2414514562740514514005145140051451400514504e2800a28cd02800a0f4a3349b867b13e99eb4d45bd84c881689b6db4de62f77c74fc2a4684c69bbc9fed46eea5bcbd9eff8559d0745bcf136a71d9697a7dd35fc87091a46ccac7fdec62be97f841ff04a5f1efc45b286fbc612ff00c227a631561200262eb9e840e467a576e132bad5656699f359971b60b24839661252f9afd0f97edae2de5b9b78d6f24be760df2242463dbf0aeb3e1f7c08f1378caded5b4bd2e7559188dcc0fafbd7e9a780ff00e09fff000efe13de58c89a1c772f1c7cbb39218e3afe35dc1f05e9fa76996aba4e9b0d8aa96c00a2bebf09c16ea2bb3f0fe24f1d235e6e195e87e7af85ff00e09ffa85a4cb278858a29c120d7aefc20fd9abc39e0ad455e085666520e597760d7d03e3af0ccbe2eb7da5b6763daa9e8be078fc0ba634cca2690a92bee6be8f0bc3f0c2a3f1fce3c40ceb12f92b4f46717e23b29aff00576b3b8bef26c2eada54962dbc37c842d7e6f7c2ef8850f817e20f8cbc0334925bea9a2dc87b6dec7f7c1d8b1c0fa57ea0ff00c21f1f88b49d33c41a8c3e5fd94c8275dfd73c2d7e547fc1567c0faa7c0afda5f41f89d69a5f9569752b2ea2e927ca470a99c572e370aa7a2232dc5e19da75f76cf63b5f88927db15959948c77aebfc2df13e23720de38da78e6bc6bc35a9c7f11b478ef34e65c346ae76b7a8cd680b69a2876cfb9769fbc7815f2ff0058bbe567d94b0892e68ec7d3da378823d80c5329c8c8e6b7f4cf184d6df2f99fad7cc9a678f26f0d28f32576c0aded23e33c7a81c79857ebc56f1a6a4b538272717647d35a4f8e120fff005d695b7c48457ebf4e7a57ce317c53baf2f865ff00be855ad37e24de4cff00fd7a3eac8cfeb0cfa64f8fe68e3cf9cb8fad636abf13a48dbfd77e19af07b6f1e5d91f3cf91f5a75c78d2393ef4accdedcd2faba41ed99eadae7c4b97513f3b6074eb5cbeb7e327d9f2b67d79ed5caa6bb36ae9f2ee1f8558d2f4a9e794f999615c189aca2f43af0b46fb8ebad5e6d6ee604b66f26d79c935f1eff00c15c7e22c5e1bf81d79e1d19925bdc6083d70735f646a1a0b5de8ff2fee562392715f9c9fb7ab6adfb477ed6be1bf017866117f347791f9910603cc5054b7e99aedcb6a73cd5cc3348fb3a6e48fbe7fe0d9ad22cbc2df056dbed964d0dd6b00972c8559b6938cd7e9ffc57f85da5f8fbc137365a8c31f9927de565c955cf6f4c8f4af9a3f65cf87f6fe0bf8956fa2f87b4f8ed6d74ab5b6caa6000de5aeffd735f61f896dc6a5af5ade4cbb6df518c8181c02ab8afbe8d38e222a0cfcc2ad7a9527edf0cedca7c1df1dbfe0901e1df1ecd1ea9f0e352fec79955d9ac590b79addfe66f7af88be31feca9e3efd9f2fa13aee8171a3c2ace05f467ed3e60f5dab9c57ed2e99e1e9352d6618448df2eef971b73f8d26a3e0efed4862d3ee34ab768d95d58cdb64dc0e73d6bcbc5f0b539ea8fd37857c6ac4e052c3621dd23f070cd1c71f98d9b99bfbf8dbfa54cf2437d6794ff004a987fcb323cbc57e967c78ff8250f837c556136ade18ba6f08ea0cccc2dbcb33876cfbfbd7c53f1fbf62af881f0011f53f1069f26ada5670934200623a676af35f0b9a643529ad0fe88e19f13b0b9ab51934bd59e52063fcf4a4eb431313ed915e17fee48a5587e079a318fe95f3b1c2d58bb33f469548492953927e8c948e6908c52e78e6909e683a926d12d145078340051451400678a3b5213834039fafa77a9d68152587a9feec274e94ecd18c9e3e6cd267e6f977337fb2371fcab48d39e235488e5f64af5a49216d59679f2d0f98c3a316c63f0a8fed691df15967d8bd3057a7e35e81f07ff00664f1bfed07a8ac7e1ed1ae35585880d7d28fb308bfe02d8cd7d8ffb3eff00c122343d1e556f88da97f6d4b20c35888fcbd99edb96bd4c264d5f172b491f0dc41e2364995c1da6a6cf863c05f0bfc49f157c6ba6681e17d32e355bebe0e6d195088df0327e7e9fad7d9ffb2b7fc11c2e358b0d2fc59f1126fecb1605fedfa47def333c2fcc0fe35f68fc2df829e1dfd9e3c2363e1ff0a59c1e1eb1d04936507962e249b79cb7ef0f3fad7a2368175e23d42ceeda3fb0ac009bab70db967cf4e7a57e8395f0ad2a0939ee7f38f1278d198e2652865feec59e7bf0cbf67ff87ff077c2fa6d9f87349b78ec5f71925922dcc083c72c33d6bae9ac21b489e69db7da5f7cbb076c7038ae92f60dda4dd59dd5b47059c854c4cae0e3079aa371e1ab78753b79d64f3b4bba463181c80547f8d7d2c29c23a247e2f88c657acdcaac9bbebab6713756fe56b034bb9ff530fcd767d01e569bfd8e355d47721db6f1f1627d7d7fc9ab5a6c5fdb93b5cceadb998ade1c76070b45f9fb696d1acbf7721f9ad1cf1c0e5b9aea8e88e0eba1e7fe24d14e9de22923d45fed13f52178fe558fa2db3dededfcf246d1dae9385b6ddcefdfc1aecb47d2eda1d6ee2f6491ae6e2e3e40187dd238a5f1169571e1cd261b2d42358fecedfbddbc97dc7e5e9e99ae09dd9d307dce263d3e15b5ff00846efac9becfa936e0fbfa60e6bcb3f6c7ff00827a683f1d3e17eb9a0dcc21a1d520df6eccf9f9d06463f102be8ad23c36bab5ecfa3dd4ea352b24dd1c857fbc323069d07c28d6b51d0ec6deeef1b301721b6f519ae6946fa1e8d2a8958fe7c7e0178d75bfd983e2c6a1f0f3c6d60da6cfa5dc18a4779776e5627cbc7e18afb3b4fd064bdd1961d4a08b56b3b801e1d8e14a8ebdb9a6ff00c16fbfe09ff7169aee99f16349d2a4d4a1d359bfb77c9c877270b19c0e78f6af2afd92fe2620d1adedf5682482ea6e210d216da07ad7e7bc4783950a9ce8fd7786f32857a5ecd9ea7ad7c3c8f3fbb5f97f97b5635efc3d8674f9be5fa718af63d2aca1bb83e601b23b76a86efc009a9cbb97e5f4ed5e1fd7dd58a89eb3c1aa73e63c653c0f0c7b7cbd424c8edb0d6b587862f235fdddf3e3feb9d7a40f022e7f7779f37fd72ab967f0f7506ff5778b8ffae639aee9633438d6155ce1749f07b236d62db5ba9cd751a3784edf4c01a31e631ea3ad75da47800a26c93ef5755e17f02dae94fbae17706e99ae19625b7b9d31a096a731a0782a5d52cb798f6fd05747a6f833c8b3dad8538e38aedb4db2874cb7d8a83db02a9f8b97fb3ec7cc5ef5962ea3835614e9aaf3ba3c57e3d78cd7c1df0faeada29d56fec627692523030413fcabe6bff824bfeccbff000b67e3a6b1f17b59d124ba6694ff00c23f70d21db26dcaca476e2b73fe0a0de32fedfb06f0fdbb4902dd4f1433cb1032390cc01e073debef6fd9d3e09dafecd9fb3a7843c31a0df47fd9da0db3490ce22e64330dcd9efd4f7afb0e1da2eaab9f2fc4f888d387223d13f65ebfd3e3f196a571c0698aafe238afa735785b53f87b6eb0ae7cb6ce7d39af96fe16f82d7c2fa2d9df2b166b9919988fad7d35f0e75e5bef085d407e6db1e07bf1dabeee0ac7e5b27ae86278aac6f16f1ae96652b22a887680338eb52e830a788a6b7336edd6ff00eb883f749e94ba3e891b78574b9a4b82eda534a6607a9dc78aad63e208fc376bac4e063fb49e3f2b3c6029e6ba399d8e3e58dcded474c69feddb591ae6cb68c103a3565afc32d3b598efed7ecf1cfa9205389537a8cfb1e2ac691730f8c7c4daf47a7cc16661093938ce0735d7eab789a49863b1895f54be42ac41f418a7a35668b8d49c65cd4a4d7a33e3bfda43fe0957e0df8b125f6b17164b1ebd760797a9c5955423fe998e3dabe20f8eff00f04acf889f0aaea1feca693c4b12077122a08f6a8e7a7d2bf63adb596d22cedf4b93fd2afb2cdf62c7ca7bfdfe9597abf88963b7b8b87b58f4fbcb7201b6c09b20f5e7e95f3d98656ab7c28fd1787fc4cc56556849b7eacfe7df55b2bab28956e6d6e2cda3728fe6c65790707a8a2ef6b5cc5b76cdc73b4d7ede7c66fd993e17fed19a1ac3a9f8760b89641cb20f279efd315f1dfc6fff00822cd8d96b26e3c1bab7f602905923dbe7ef38e1793dfa57cae2b8565497344fdf323f1d303392a78e5ec9fde7c10935bea9f3437463c70414a1d9a3f958fda3dc715dff00c56fd973e217c1a9d97c45e1a96185588f3226f33701fc585f5eb5c0a88718859a3947de561c8af95c551c552768c4fd8b019e61f35a6aa60ea2b77d001a6f1ea69c07e74052c38cfe15cf2b2dcf770741ca3b91de7996da6451cabe65c13ff1fa3ff89a92ef6e9a6291a6db291ff1f58cff00e3b4e02e2eefed60b18dee2e2e1b6ae9ea32df9d7dbbfb1b7fc12bedf5dbab4f16fc4191a3b36c4b1e98c0e72390323df15e9e5b8178c959a3e338b38c72de1ca4dc5ab9f3d7ece7fb1878ebf6979ec66d1f4d9345d1149126b920c9c1efe51e6beeff00803ff04b6f02fc1a7d36e35c65f13df2925b5120c786edfbbfaf15f4868fe1fb3d33c35e759450e9125bed8d2d9140570381cf4e95d368ba5dbb6b4d35c42ba6dc285c481fcd0f91fddafd1f2fe1ca74a3768fe43e30f15b35cdaab8e0a4e31fd0c4d3fe1f436d30d363b7b78610b926188478006474ad5d33c2b1ea1a17daa181bce66d9267b0ce2bb7d074fb5d12eee24b8c4925f01e593db1592dac5e58ea1710d85b6e86ebfd5fb63ad7d1538d1a1a451f98d4956a9ad29b93eb7ee51bfd23fe110591517ce7b50a2df23390df7aaceb461d23c1d243a6e48b72be4f392779f9b9a7f87ef9a4d7648352e66607cacf4e9cd3b47d0fedb7d22c2775be498bebdea6a39d4d8ce30aebf8da19baa785ed21b4b5b78f766dd4eecb13cbd69e81a1c9e12f0c5be9f149b9adb76777270d595acfdbb4b9e6f391bf78c39f4c1ae816ce396dae2fe6970244040cfa0ad22548f39f11f8a21f03c9a869b6f1ef924c1e9dcf358fa44d36b3a4dba5d46d1618b06e87afad745e19d1e3f18788751d5268f2b111807be2b9ff0089be2696e61861d3e2d8d1e4702b65b18bdc34eb4b6bcf106b50cacab7dab043076ff563b565eb57979abdbcda8b0ff89c5a111a21e770e9d3a74abd75e1bb8d7fc07a2ebd68c5752d277f9c0753938e6a9dcdc4d77610eaf1fdecec9463839e2b9e5136d86c500d5efec74fdc63d43049b91ebd6bb21a078a2e340b1b38eed7e52c3ed181eb597e1ed16ddd5b4ab8fddbec2c2e08e54919ac3b9f105e781fe194b6fa86b7650d9dbb33f9af72824400939db9cd73ca3d4ae7e86d7c44f83533e9ad0df5dc7a95d5c466330bc21948230723a7435f94bfb55ffc13dbc51fb2d7c42d5bc47a5dbb5f782e69448b0ae01427afbf535f7afc36ff0082af7c16f1af8e20f0958fc504d53c61b8a146b06455dbd46e3f2f415ecf3db782ff0069dd2f528b4cbc8b54b7b88b62c520f2c6ec609f9bdebcfcc702b1945b67bb95e692c1d7491f973f063c5d2ea9a74c8920ca05c83c915ec9a769516bd6d67334803a86c81debc77e2d7c2893f655fda1f54f0fdc3b243349ba32461581e783df19ed5def8135b8fec90fef33e8335f9055c1ca85771b1fb4d0c746bd0526d1d4dad97c87744300f5c54d67716d6ef865f9ba55ad31ee278fe64e29258944bf347cd2d7a97292b685cd374f51264e3ad6dc360ade98fe558fa6659c73f856dc1bb6d3f66f739a758b6c20d3e5936c80f15e6bf18fe2043a2f86ee374ca0e0e39ae83c4fe20b3d0edae25925fba3a135f28fc7af8a76fe23b39ad6366f32471122f237331c01f89af572ec0cb172b491e7d4c6470f45cae747fb07fc35bcf8f9fb5849e2c16716a1a1f80988d4ed9d81170261853cfa7b57e8b788bc176779e07d5974961a5e95a46cfb32ff00ac3397ea07d0d791fec03fb31afc0bfd9c97519bc1eba078dae42b6a8a6fbcc1748e7e46cf4fba735ed7f12bc2575e1fd0b4a8ec6e035869e19f629dde796e4e7e95fa765996ac2c343f27cc336962ebb8b664f80526d1bc1cb64ca7e7e84fd6bdbbe0fd94969a169d0b2f30472924fb838af2fd36f21d43c236b7489f36e0080391cd7b9782228e2d16f26da54431ae323d4735d87972396f0427d9fc11ab5e5d8325e4f2e00fa3545e29f07bea1a6c77174de62dc0caa2f18c56ef83d7ed375a8c36aaad63082cdbb8c704f435512f56f3c096fac59ee95a37643191d3e6c56f139e5a9c4695a25c59f8815b0c8a78c838aee34cf0aeacf7be758dc7f09ce79ed4a2cbec769e65d850cc3391db357bc10b225d19629dbcbebed8ad3e15a134e3ecb59147ecda8691a4aa6df9189dce7ef75e79a4d174b8d359592dc1927907cdb867f9d6ef8f7557d4ada15b41b61ce1b8c56c783f4db13246631fbec73f5a6ea2b5da22b4e9d4764b53164f094105933dc4615a23f2e075cf5aa37df0ef4fba8196df3fb9c142493d7ad771ae48969017997e58f2187ae7a573a2c2e5ec956dfadbe5a427b83cd473297c45c29e2e3fef1aa38af19fc1fb59995a6f26e1a552191e20db863d4d7c89f1f3fe097be0af8b169aacde1db5ff008453c49210cd779322b1ff0077a57dde2f16eb45b3b8921ff4152c1ae33ca9fa573e74483c4be209a36ff4fd31b1ca8d856b9a5470d25694753e932de24c465ed3c1cdd2b79b77f91f86dfb427ecbbe33fd9b355f2f5bb59a2d2c922df588d3ccf307f165074fc6b81686e26f9b47b81716247c9214dbb8f7e0d7ef2fc4ef81fa66bba3dcd8ded8c37914ea56259141dc3bf5e95f077c45ff82325c7897c5f797be17f187fc235a3cedba2d3fecbe6f927bfcc7d4d7c563384df35e3b1fd09c33e35a742d897a9d0fec2bff04ddff8518abe2df884a97de2f8cffa0215e21ecd9038e9eb5f69784b47b7f14ea12dc36d49f4f003c43813647181eded5596cee2f3c48d7d1b7db232317c31fea3230b8ffeb5687863c217b2788a29ad4949ec73e4af413eeeb9fa57d7e1b2e8d277b1fcd5c51c598acdf10b9af626d5be1e5c6ac23b4b86c6d39e0fe3587736d37833c650ac3e63a2f0771cf6aea20fed6f0e78826b8d41b72af3c738a76bfaf58dfe812ea4223e627aad7a6f45638ab5151a0afa3373410de218c48fc63dfa56e69b691c526c8ca935c47853c53ff14ebc8bf2f157fe1178864d6f5e916427009eb583318e9b1a5e22f08fda5b72f1cf51d6af784a35d106d6fd6b7cdbf999efcd636af62c927cbf5c503bb23d5655bf8a6560bf329238f4af2db5f15cda94b358c7b8ab363f235eaf77006b5b76fbbe646e093f4ae43c0de0c874bf0cc7a94ab9924326411c8e4e2ab9905998b2eb51f863f77191f30e71deb3f46d1ceafaabdc32ed57079c74f7a6c1e1c9b5398c92127e73c7e35d87f66a695a19651b5829aa11e77a1ff687c35f15de43b975ed2afb8dcc442a9c56078d3e2468ff000b744bab5f105e43a4e9570de622a7ef8820e7b7bd607c51baf117c4d8bfb2749f33ec68c434806d239ae37fe194af7528d7fb4ae26ba854fcc8e09cfb53555751b6791fed63fb7f789fc49e1cd534df87824866bb28abaa84e814ff00748f4af91d3e0878d7f6a8f13eb53789356d49750be8d76dfacccb19217a6c071cf4afd1cf14fecbf0d9787fcad3f4858b4d8f01a0fe26cfbf5a9fc29fb3bc7e19d0f6dad90f2e3c1307f173ef4fdb211f91b63fb0078cbe0a6a5a6ead711ccd279eccd2a8c360371c8e79afd3bfd936f6fb54d0349bfd556487e4dae158ae31c0e95eb56df0aec7c710cde1fd4238daee400c391f771cd7177de15d63e19eaf3d988b658c9c427180b8a2ad5525635a32e577675dfb4d7ecbde15fdb37e1f2d8dd4bf61f1468a85f4ebf084bc07a9047f16ec639e95f9f3a97f6f7c11f165e68fada48bacdabec1678c8940e84b745c8e6bef9f03f883c4d6b67f6e3aaaa6af6ec05bb88c1dea4e1b23d87ad667ed5ffb1c5afc74b4b3d6bc1fad433788ae90b6b3098803aa103e5c13f736fb75af12b60e337b1eed0cd1c16e7cb7e04f8e7757166b26a5a6adb8e99f3435750ff13b496b55b85be684b1e57ca2d5e7baff00c23d5fc0baa7d8b51d264b40a48f99fae3d296d0c2d38b25bcfb39fee98b39af32a70ac27aa3d7a7c593b58f5887c67a7c0de74306580cfdeeb581a8fc63be1a932dbdaf5e01ddd0d7197b70b6306d5bb6dcdc7dc34cb986e2db4f137da1be6ee52ba30fc2b08eace7c4f144de860fc42d4750d7ef66b3bab86fb7dc7cd71283f2a81c8f6e954ff667fd9c1ff692f8e5a5db6a70b2f86eddcbdd5ce30a0af2bfa8aefbe16fc228fe2a78be1d156491d2e8e67b955240039eb5f657c19f81da6fc20d1efa3b716e9e1970a1e52c164cf7e3ef75afa08e1a14f64789571b2a9d4d6bcf0f6933e9567a5cf7d2368f6aa1370241217007bf6af0afda4fc57e3c8bc7767a57c39bc906931f0cc57771dfef57d10be1fb7d52530e9f6be669a3befe6aef87fe1a5b46ed34366b1aaf5279355ed39743cba94eeee7ce3e1ef1b78ffe1e592cf1df49a895c3346600a33debbef0cffc14a3c4da7e9ff63d43c166f59460b09c267f0c57a83f830dd47242b751c80e78f240ae66c7e0a589d65daea0593ae0e31524989f0a3f6eed0f53f10eb1fdbfa6c9a7de6a6c82de3de70d8eb5edbe00f8d3a4789c6b6b6d74b6ba6c62316a0a7193d7f5af0bb9fd992c35ef122dd5d2ff00a45ab6600a98e0f5e95df6aff089b48b34834bb1736f7ea0c241c729c9cd0077cfa9c763a45e69e5b746d83b89cf5e6b53e1f78861d323b5b52bfba6cf35e1ba1f88b5abed42eec658e5f323c2e71e95d2699f1126d3f50b5d35a3633f2338e95b5d01ec9aadc45a9f891773284f415d6689616da749e646d9f973c7d2bc9f48d2350bc4fb5317e391915dd780755f395a39dbe655200cd4cedcb6411dcb426935f3eabb8d686a691e99a3fccdb7e539f7acfd17598acaca46f95704f53ef5c9fc45f1ec925b32c7b9b838dbcd4ea57337b9d069abfdbde126fb2cab0c409ca11d79a874d43a5e9056da65b797a6f23fc6bcf7c1df10edce89ff0013191ad64ddc260f3cd759aaf89b45d53c2f18bb9248a3c8c3a2939e7da9d8934c687a93cfe75d6cd5b1c80182556bad2a692666fec910ff00b3e674ab63c329a9db249a1eac6cce07cac324fe06acdbf85754f257ced623793b92a066a39975295d6c70fe0fb2b8b4deda6b85fed218f987a7d6b4fc3ba26b0756916f2f913ecbce063bd3e6b6b3d5344b47d26611fd949f6ce4d4175a55be89e31b61a85f16fed004e10eee83dab7ab5b5d0d28d6a0973589bc5fa06a10793756dab4724721e632064d54f11f882fefbc9d0a3d19774839977800f7cd45e2ed13c3da8dc40d1dfcf6f25bb640dac549fe554be238d4afe0b3d42d7578ede18582821412c381534fde39aad578876474717818c9a05bac639c1ce2b47e137849f43b8bc32fcbd315d3f872cffb2f48b232fcd94c92475e2b9ef18f8d57488af1a0193c1f979ac77d8bb5b437356d71744b8861938563d7356b50bab517f0c9b97e61d2bcc1b59d4fe23a472c60a95a92e6cb5cfed98e0f9b0a3afe14580e9fe22dcc77fa22d8dbb7ef2360ca41ed9c9a5f106a2b77e0bbc96d99595fcb540bec4035c16aba9de78719aea6dedf66055863a96e0537e1f5f5dc4ba5e9770ccca19de4f7c9c8abe5455d9e890f82a3b675b81fdd04fe5587e20b837979e5a8e178aeca2b867d24838e981582da42c21a63fc542f324e7f44d06df4eb8fba8371cf0b5d34d616c2db76d4e99fbb5cf4f7e9f6c55e873d334ff136bcb6161f7be6c1159fb3028f8ab56b37d2559957e526b87baf1d2c5abc71c71ee5e9c0aa3adeb179a888e0556f99bd3debb4f0a7c2d69a48a6963e5969fb303cfaeb4bbdd4bc77f6ab353f2f391f4ad3f881a65c78c3c3c6def23c3a8c02179cd7a1f847c07369de2091557233d715b7a8f8620b185a4ba8f2d90718eb5bca9a44c6573e11d4349f17f823e28359c724b0d96a676ee299000af67d07448bc07e1f6bc5d45aeaf2d46f65507233cd7d0be28f05e8bf10f4c46beb18a1b9b518420f3cd79659f81ed7e10fc4455bab63756ba91c2863f2823a573ca5636546e79d5f9f0cfed8da05ed945701fc59a229f2cb4261f289edce036718af97fc49e1883c1d7b6f6be24b6fecaf1140d22c718f9fca1cf3c70722bed2f8a5f073c45a5f899b5ef0ef86524d424c3c8914c105c2f63c74c0af04fda03c316bf15b48d67c4132c9a4ebde1c08b27eecc86e7770401ed5a61e7266946314eccf04d6354d3f4fd16047bd49351ba2c623b3a60f35c7f887e3edaf87357d3f4ed4216d5a1d4a558624890e572403d3eb4ed6f4781eceeb6c7be4620dab96e98fbf5f4d7fc13bff0065dd266d3e7f881aae8cba959b15fb1473f0548e18807df9ae8a9525136a94e0cf7af805f05fc39f01fc316b6b0a237f6e4692cecc32d170180c9e475aaff1cfe19fdbf5eb8d42dbcd5550a55158853c7a74aeebc59a547756773b17f79a8b47f6603fe59852322b6aef449f5cbbe23fddc68aac08ebc573fb5e6dce1e568f27f845addc5a5fc70dd65549c735f45691a6598d33cef97e64c9e3dabc9fc49f0ddb47d41648d76e0e78ad6b5f1ab69da7886463d36d3f6772bdad8e8fc39a35bea92b30db8dc7b56b6a3e0c82001b03af5c550f86702ae9de61392c73d6bb6d76d55f4357e7350499fa7f8674f8255dbb4b7ae2b5e7d31442aa8abb47038e95896ef1a4abb58fe55d25a6e9e0183da803125f8756ab7124d1c71e719c8515c4681f0dadb51f1f3bc8abf2b64715e952ddff0066ab091bef560e996c135a6b84e339a9e6607536ba3dadc59b4615785c702bc6bc7dac49e01f10bb42ac41240c57ae78664fb54ec727159be2bf0159f88751ccc99c1ce48a952d40f33f0a8d4bc691fefd6450c7e95e8da47c38b7d374ccc8aacc47f10cd6c697a241a4da811c6a36f1902aeceeb259907d0d5ca6fa1491e31e27f8656bad4b71e71126d6180a36f7aeb61d29bc33e12b186cf484b9dbdcbf4a5b6b65b89af3ce1e5f231dead5df992a59c30eb0b02f20864ab649424bdd0ef35c796ea296cf500a31326e2a38f41c55496f7c36d237da6fa6b89b3cc8030cd5e3aceada4eb4da447a2c7aae9cdd6ebcc0a455c8744b7b18fcb4d22df6f5f9ae0679acf9ac5dae41ff0008f687773e99e4c2b1aa87e3ccac05d3ed3c2be2c1f67b0fb6329c732e719aea4784fc3a9610fdaa3f2d94fca7ce3584da3cba0f8eefdb4bb0fb446a170cd2fddc8ebcd527d09e50f1c35f5c58cb65fd8ab0d89c167de323bd703e32b0d227bbd2ec2d9a44903648c93cf5aee3c4d67af6a36f716ffdaca57824140bf8561f821b4cbdf1e58e99340d35f464e5c82066aa3a217a1d46afad788a3d3a2b2910ed650a187a62b574af0747a0e81f68b96dd24839ddcf5ae9f508563917cedb851c561f8bbc59a6c36de54ae3e5ec0d671d9586efd47783f40d3f4fbbda9b559b90335a1ac5bae9f7be636d2bd8d7076f61ab78bef3ed7a6b34689d89c551f10f88b5eb1bafb2dd0762bc671475116fc47a81d6bc63f648d55a36ebc526a5a47fc227aac6cbf7988adcf00e80a2d5751986e93ae4d54f898be5db7db9bb74aa0366f22fed289191b8c0ce28d540834b552795159df0f3553a9e92ccdd6aa78bb5cf2239141fba0f53401c4f887c40b278a43eef9978c0ab5a4e91278a75d05b7797fa5727e1db66f18f891665ddb43f35ef1e17f0c4563689b546fc7268030a0f86ab0dd8b8daa76fb5685b5efd92e42f65e2b7e62d05830ae675c5fb05b99ba1eb401b16376b05da903a9e6b7af238eeed33b47427915c27863c556faa5dae594ed38e0d741e28f1b5be8f658539f94f4a995d81cf5f2da2bb5e6edb2464f19eb583ad6a51fc5065b3b987884fcac07208f7ac5bb8356f19dee6c772c5bb9af4df87be198f43b11f6c8d7cec726a981cdf852ef56d3afe4b7975458e32bb40651c0c62bcfbe27785adbc0325c6a970d1df4775f2c8047c329e0e7f3af46f11f816dfc51e2a9214631375186ae27e2459ea9e1bb27d363b35bd8d8ecc1906706b5a7251d4d0f8a35efd8fb56f8a3fb487d9744b3fecdf8736f209a193cc0db98fccdcf5fbd5f68f86afb4bf02b695a0dfdc7d96eace32b6c121f95f8e781c5741e04f8336ba7f80a4b7bbb33a7c30e248d849b8924e7f9d637c46d1eeafaf74d9fed4219adc9589bcadc5874ac2bd4e6d80ddf0ec4356d595f01973c715df5b69021dadc0e3d3ad63fc3bf0979364b3315dd81d78cd75d736d8b40dc71df359c4cce67c4da2f9bb9b8e9e95e2fe2f5fb3eb4cabfdee95ecde3cd6ff00b3ed589f4af1bb607c47e217f94b7cde95d11d80efbe1bc8d146a79ed5ea026fb6e96171dab97f86fe195934fc91d05758b6bf64b7db59bb01ccdc136cf8f7ad8d02ebcb53bab3b52657b8f4e6b33c43e25fec48010c071eb540759ac580d42c0b0fceb94d46e3fb36dffd605dbef5534ef8a4ba968acb1b7cdf5af39f19eafaa6a526d8cc9f33628407ac7833c7514b7423565f98e3ad769a86d68048580af0cd1fc2f7de1391666663c06addbaf88979a8c0b0a893d33b4d4b8eb703d0b51f12c3a6c4b1ac8a7359be22f198d23496915972ca715cad9f80f56d62cbcf691bd40acdd7bc25a9ea96df672cdc714ec80cff00087c4a9ad2e2e23ba93ccb862768c56d7877453e268669f5b8e48ed97e70412381cf6aa9f0c3e1043a67889a6d424f32407201af55d66156d0248e38576a8f940ef8a4d81e5fe15f16e9fac9d61b41d4a675428be5c9132f4e3a9a9aefc0b36a9399a4f0ccf72cfd641785777e151f867519bc47e24d62d6eade1d2e4429b553073f95741ab7c4a97c337ad67e6c8de480322335528bb6855c92ebc17a4cf626c6e6d5a35b36041331ee7350f89fc3ac9ac6cb29163b7bc5186f33fba2addee970ebba9f93a85a8845e02491374da2b1355b5f0ccde1c5b73f6817164d80416e3268b87431fc5f670ccf0dc5fdcb4d7109e021c7f2acdb7d4f55baf1543776d12c70423860a33d28d4f5ed0e1f10c9a7dabc935c051b328d82715d0fc19d2b50d6ae6e1750509029f9471577495c91da0ebfaf78cae99a68dd557815cd788743be8fc4d96576f98679af7682ca3d12cdb646bd3b0ae6ef2d239ef5a6910727d2b28cafb009a2defd86cedfccf93819c7153f8b6eed2f2e22c2ab363d2b3bc4c0cf6b0ecddd7b54b682de2ba8fce3920679a7e606869568969a433b1dadd85723e2a85f5e4656cec5e95bdaa6a2d79665a3fba3b0a8f4981353b5283efe2981cf7c38b8916468fd32315ca7c61d5648b5168fd7238af44d03c3d2699acc8bf757d6bcdfe2ae9925cf8b1d7b0e7da80353f67ed04a596e651c9ce4d7b2416fe5435e63f022e82d811dc1c57a819ff73fe149814f58e21af3ff008a3a9f93a59c1ea08af40be5f361af35f8c36db74ee33cd303cafc053ea1a16b9348aefb739e4d7a6783ecaebc6d14cd237ddf5ac7f03f86e1bfd3a6918fcd8f4aeebe0b686ab6b73b5bd7ad1b00ef0bc3168364563c16071c5685df8c15edcc6c395e6ae786bc389f697593a64f5aadaff8721fed2da83bd1d6c072773a9dddd5dddea96cc6de65c0c1fcaad7867c1d1ebba9daeada8c8669b938cd3f5436abaccf1ddee8a13b46d519cfe55dc787f40b3b0b7b496d0ee88838078cfe06a6bcb97634214d27edd6b326ff00972302abf8a3c08b7d7962a197e5c9e95b578b6da5099b76dce0d615e78eede5f1558c4240c06471ce2b9a2db1924de1cb88ed3736415ec38a81ef775979771b940e8735d645334f06f6e56b9ef1c9b7bdd3d963f959467d2b58991e4df16fc4cc2716aad92dc0ad2f83fe0f99e2f3197ef73c8ae42e346b8f13f8ea3424b287c7b57bef84bc34da359c69e8a335bf324ae059f0b58ff664073565c09ae18e7e94ebb223181c55296fbecb93deb35afbc061788a12975e6bc8176d78dfc5cf134d797de4c326ee71806ba7f8c3e34582e5a28e4c16e38ae73e1f78363f13ea2269999b9cf22ac0e8be1bf8146a369009b72e79aee35cf075b68b730b2853c7a55ab25b7d3608162180bc702ac78ca6599e16fbc31da975023d3ad2d75771b856d41a0d9d92828b1ffdf3597e199adae4e56a6f1078a6db45072cbf9d277bd80d68615b77c7ad47aad8c2e9b881f9572da67c4c8755bf54c61738cd747e21d4e15d35640cb8c6ece6a6cee80c1bdb77b0d43cd4ed529b9d4356f33cbca8d8d86ec0e3afe15cb5e7c4f8f50b858d467e6c66bd13447d9e1f126d07cc5c63d735527604787fc39826f0b789a7b8d737ea57570ec17531f284eb8f907a74aefa1d035c9d37c7e268648d8e54b5aae71425a45a36a735b5ac6ade5fcc6c5fa1279fbe6aab36a972dbe4d1e1b263ff002c8ddafcbfad3bc5bd4d15eda0cd2d9358f102c379a0cb6c73c399c9c56d6a9e22d3fc377bf66fb3accac3180b9c5636b9e25d5b5a9d6fecee3fe25a9f7f318040fe74e93c5b1dc5909bc3d67fda57ea3e7dc368f7e4d3a7e6475393f885abcc9a806d274a134d6a731f3b4b67ad6ae89f10aebc2b7f6725ddafd9a7bd1fbf556ddb71d2b3fc5e75af1069f6fab5c491e8eb644f9aab87273c74aa5e04d26687c42daa5e5d9d5adef3fd5a94dbb31c1aaa823d7b4ef8a3a76b706d59155bd0d36361732962ebb6bcd3c6fe14176ad71a33347b79205647867c5baadbb34170eff27735118a5b01ebd08db79e502a734973e1490def99cd719f0ebc4971afea9b8b7dd3eb5e9a93c8f2052474f5a6054d2fc396f04acca7b74ae4eee5934cf14968feeeeaebaea516703329e6b95bf864b9ba322fdecd006e6a736f8feef6ce4579df8ef682ccd13743cd77fa1cb7579205990e2a7f12e876f35b379912962a7f950078d7c18f132c3aeec638f9ebdfe399664565ee2be59d415bc19e325dbf2ab486be8af87da936afa4c6c4e7e5ea6a6406bc50ac098f7ae53e2ce8eb7da4e7d01aea648d88ebf5ac0f893235b68a7fdd3cd30393f829649751c91375248ae9a10de0bd6d982fcae7045725f02266bad51b1f7771af4bf13d8c73dc2ee1de95f5b01a1a418eea0f3b18ef58faeddedb83823eb5a57b2c7a6e8fb63ee3a8ae5fc53a55d1d23ed11b77cd28ef702adbc91c5f102c7cc0bba5dd80475c0ad2f116bc63f16d8ab7cb1c21ce0703a571a6fdb54f8b7e16db95593cc0c3a7415dd78ef4317f79ba31fbc4e38aa938b96a56b6390bdf14de78b6fe6b78d58ab7cb91577c23f0ba6f0dda4976db99a439e79c5755e06f0526871bb3a83237209eb5a9e22ba6b2f0f48fd36d6329abe80a3d595745bd5b2b710b372d5cbfc5bd5174cd39886fbc2b0f53f1f343ac85e4fd2b94f8a3e3a6d54c71f3d4020d6c97524e9fe0ce8cb2b7da36e79ce48af5ab595254ff0074570bf0b6e2dec3415f52a3ad75577ab4565a61907de3e953257021bed624899a315ccf89fc46da4c6d231c706b6a3b39af94c9f8f22bcc7e2e5f4c927920f7c5581c2dcd9dc7c40f15ac8aac577d7ba7837c1034bd3e3dcbb4e3d2b33e0ff8061b6d345c32fcdd7915dfecf321c2fcbb695c0cc9740962d37cbdc39f6acdf1048de1ed05b748a4e0f5ae9ee5e26873b88da2bca7e29eb6b733fd9d64ef8c0a22057f0d78c668ac6458c31249a7e8be18b9f14ea05e412609ee6ba1f879e0685631e62e4119e95dd69da55be907e5503de94a560399baf86b1af870c70ffad51c7ad71b7ba1ebdab5a9d2f127960e09f6af56bbd43ecabe721dcbe99acc9351b8bc7f3ade3dac7af1446ef70390d7fc0767e05f0cdbac6c1a4e09f5cd74fa36bc6e741861c61b1c56178c2192fb5382de562c09e57d2bb0d374bb5b2f2235ea173f4a36dc0e5f578575fd7a3d3eeadfcc86e3e6b921b6105795e69937c2cf0ff8ea43a8eaba5bc77927caca2f4af0bc0e33e9536bea22d71ae1aeccb1c8712284c11e959baa5ee8fa75e345776ead30e49fb4e3fad66e9df5348c9ad8678cf5ab9b2f0fdc35aaabff00682f1b31818ae67e17ebfa95cf866eada4d4974f92d9b03308cfcc7d69be126d434bf0546f6cc6fbec7d43719cfd6a8cbe259ceb2b6f7da488bede0fcde6ed0081c574538a66658d5341b7d03556b3d4357fb4de4e3701b70a7bfd2ba6f85db5ed1a15b3170ce786ddd2b83b7934dd4f51b5b3d4236fedc9164d8e18b0181c7238e95b7f0a2f6ebc39e1cb484dd32dd48ef9f973819f5fa53ad7b01e9573e1e8ae1bf76ca3db15caf8bfc20e90b95655e0e302ba9d375ab263feb3e6ef9f5ae57e23f8a6181595245f9b8eb500717f072d35487c40d223640635eba6cf52bbd4559d98715ce7c0dd196de26998f2c735e8b28f365dcac148a4072ba95edde9fd5494ef49a4dec37efdb7d6b6b72edb6686451b9ba1ae674eb75f0f5df9d21cab1e2981de69676c3dbf2aaf7edbe56ee0e734eb7902c590cbc8047355cbee95b95fcea6dadc0f12f8e5e1f8edee566847dd6cf4aef3e02eb525de809131fba2b13e2c987c82ac3773527c2cb796dac43435407a9187ed17b238fe115c9fc53965b8f0c4b1ede9deafdb78acda6a2e8cadc8f4acaf893e268adbc2b2b30fbc29018ff010471cb94e79e6bd33c47fbe896bcabe066b90da46c40ce49c57a0dcbdcebb23797955c7714adadc0be970b71a2aa311baa7d5e18ffe11bdac2b9fd22c2ea1f9642700f4ad8d7b538ad74911b7cdf4a99475561dcf3df1c4f1687f137c1b705940fdf7418ed5e91a45d43aa5bc375bbd7ad795f8f64b1f107c58f0659e597fd76783e95eb1a6786adf4db08add790b9c567390e25ec0f3564dc36e2b8ff8d9e218fc3df0cb50bd2fc295fe75d4268fb1d559cb28cd72bf1a7c3169ae7c33beb191b862bfceb1ea56a79afc23922f1d6afe742c3763a1a9fc5bf0ee6bbf182add2e1370c60545f0e7e1ddef81f5547b46213835eb1168edadb24971cc9d735da6650b0f02dc59c0a55b8da38a96db49bc4976eecf3deba29d7ca847cdf7462aad9cc864396cfe14a3276b80dd4a4fb1e9f239e36ad78bea4f27897c50c83e6c38af47f1e78a3ecf6cf1f4c8ee6b86f87c893788da4386e73d6a901eafe1fb06b5d315718f9455c78cc76f542eb5d5b6b5c03ed54f51f136dd33a354d9dc08bc75e206d1ac6456954715e3ba26a91eade276669377cfdf9ad6f1f35c6ab232bcc70d547e1af80223aaee7763ce7a5501ecb6fa8c3a7d82f90416da38a25bcbcd4ad385f96a4d1fc371d9daa9621b15a93ceb6b60762f6f4a872ec064d968de5c82ebf4278abd7cd2436c6e23dbf2a935e7be28f8adfd970bdbc79dc09e95c75bfc71d435095acd565dac0afdd3de9d80ef7c1babc3adf89eeb549586c5c8e7a71c565dcfc74b3d135eb8854eee78aaba5f86ee344f870260c43cc493ebc9aa7a4fc1386fdd6ea6cb3cb93f8d56801adfc528edee12f24d416dee7503b2d6164ff5dd8e3e95c5f8b3c57f0f3c0bae4ba778a1ae350d663c3cd3217c36ee474e38ad1f8d9e13d0b43b2f0fcbae46d0eb9a2b38d35031fde873f374f41eb535a5cf8656d93fb43475d42eb00b4ec796aae5bea56cac751f06ae66d6743d423bc8fecd26cde233df1cd71371f1134ff1b6997f6daa5abdb8dfb55f246706b5f5df89b35b78b96e2481ad646f97601f2f3c5709f12be2459f86bc571e8badd9ecb59bf8e31bb76ee7b7d6b5a1bea626a69faddd58789b4db4d2f4b87ec30abef93cf0cc411ea79aeffe196ab677fa6cb680049646ec37639ae1fe1e780bc3f777d736fa269b20911376f3705b1919ef50f8475cbef026a167636ead1cd23beec8ddc669d603dbb58d22d60b46957b0ed5e3babf86a6f11f891bcb2eca1bd6baed6be2a5bb68ed18cee6e09f7ef563e18b47784dc70726b9cd0e93c11e19bcd1f4a1962bc0ad47b0bc7899b79e39ad92f1fd8d42b0a64c161b3fbd401cb0d75a79bf79d01c73566eada3d4e1f94f3da8d734859a12d1fcb597a2df369f3ed63dfd68036b4bd06e658be72df9d4773a7dc5996d9b8e07ad74d65766ea1f957b53706376de3b5203c0be2178be48af3c99b8dcd8e6bd13e06e9e26b5599718619ae03e3de8b1cfa9abc4bb70d9e2bb2f80facb69fa62c722b74ea450f6d00f46d42ca39d7eeae73e95c57c5dd1a01a361bf88576706bf6f740741835c2fc78d4a31a626d6ea40ebef495c07fc04f0eda691a5b347f31ebcf35e8f1cbe6ab6d0171ed5c9fc2e86df48d07712376d07ad693ebed70ccb1ab1f42052946ec08e6d6bec8935d4cbb5471478716df57d364bc55ddb8f735c7fc49d47504d1e685405fc6ac7c13f114d17851e0b85f994f527dea9f907a9278f74f58fe2cf855be55ff0059dbdabd3cdc4717de619005792fc42d4a1b9f8b1e155dcdc993b7b57a5cda225dc85bcc2320715cf557736a3b169b51864877330e2b86f8a5e23b7d42c85bc527cc0f35d8cba0db5cc2c8ac4718ae1755f05dadbeb87cc76c668a295c2b5c34ed4a29f4e01be5200e6ba0f0beaf1cd07971b0247bd546f07c777a53f9071c5703e1c92f74af16490799f2eec609ae8df4313d1f55d42e24b9dd08256b2d35cbdb3bb66910e3e95d3e8d69f65b3f324daddea978a3cb92c59957e6da7a524f5b203c27e2cf8e2ef54f102dac6adb5ce0915dc7c24f876d656eb74776e61939ae4edd2df52f15aac91e5b7f5c57ba787ed174bd363fee95a7276033dfc331c681b9ce7d6a4d6a6874fd27042fca3d2b4a59a38adcb363f3ae0fe2878c22d3f4e60b92707a525a81c3788b578f58d4794dbcfad74bf0eee16dae942c8a3d6bce345b8bed7eedb7a6d5278af41f87de1fb74befdfc8c1be95b01e94ba85b22ee56cd56bcd7b7c6ca8b9c822a07820d26d1a46cb60561dbfc55d36cae4ac8bec0e38a9e5ea3b9ccf867c1f2ea1e3597fb43e6f9b3822bbeb1f0be9b65b905b47c1183b6b97f0ef8be0bcf1ecb3705579c0fa56578b7e306a3a8788a5b4d3616e0edcd488e87c7da8edd523b1899593d07415b9a66b96fa0692b081ba4c66b8bf0f78135403fb42f9f3fc5cf6ad09bc5b63a1379b75f3638007347a81cbfc6cd12d3c7be3bf0cea172bb45999339f7a8b558ec6cef1a35552aa0638a83e2ef89dafb456bab64dbf6723681db26b8dd43c5d335c7ccb96da3f95742d158ccf43f1d788ed351d02ec4d69f67b9931b495af0af8b1ae5e78274fb3d5aee3fb45ac39c965dd806be80d53c4d06b7a82da7882ccdbc8413955c8e9ea2b85f1cf87acbc69f0df59b7863fb44768b98c11f78f5c7e3451039dfd8dfe27e8be29f15ea57da55f348b72155e3742b838c77af55f1ef8392493ceb5516925bfcc5fef6735f1f7ec13e2fd4bc7bf13be24697a8e83ff0008dc9e1978020597ccc86cf381eb5f5fe997775aee8b22ccdf68865180dd338a2b6e072b345ff090158b6f7c1c0af55f86df0e63d2347591b3c8ef583e1af0e5bc3b64dbf74fa57a3586a71cba4ac4a554af4e6b9cd0cbd434cbcd3f95c9155e1d626878994d6f25c4c83f7d86154efd6de73f768033e5d721b95dadf2d63ea56925c4bba1e5739e2abf88da357fdc9fc8d4de18bf917e57e99e73401d3e8de29468be61b703152beb2d2c8de5b0a647a2417f0fee70ad59971a65c6952b72cc3d850079efc5893edfacc71ffb55ea5e01d1e25f0846acaa188f4af23f14ebf05ef8ca18d81fbd5ed3e1eb88574385432afca3bd0c08af3c14b0a96493b67835e4bf16343bcd46e56189cb6d71c67debda2e2f201049f3f38af2db4d423d5fc6d242d22ed56ee69203bcf0af86635d363fb4647c8bfcab712d5adad716aaa57bf15041a9c367a6fef486e3a039aa8dabcf756cdf630696ac0e03e2fead1a6ab1d928fbc7079ad28fc27259f85617b797e6386205703e2ab4d5b5af88f1c338da3757b3f863c36b651471dd485976f4a7b203ccf5bf191baf8f3e0bb79131feb474ff0066bddaf1d94c453ea7debc87c79a05a4ff00b40783648557e5f3ba7fbb5e89757170bafdbc233e58cfd2b0a9bdcda8e88d05d4a399e63f77181587e249d1bc4d63e632aab6ec55df1e347a2e8171751f05704d7945e6bd7de3ed6eca3b766529b8fe5451b6e2ad73d584f1e9b67b430f9b3debc9fc5d7b1e8fe3e5b895b6ab37ad47aff8def2d2fe087713ced38358df1e3c39797d676b77136d6e09e6ba0c8f72f086ad0eb5a707dd9e3d6b33c6de231696d2469d029ae3be0bdf4f79a7ac7bfb0079adaf88167fd916464939dc2a6dadc0f2af0978ad8f8cf3e49f95cf6af6eb5f1335e796be5b0e2bcc7e1c68d1de78983796b8ce735ec16f0ada5d2af96b8aa033d741bcd4a2fdf3617ae2b8bf8a9a70b0d3fcbdc198fb57a55edeac45be7c2e2bc57e2b78c6da3d61a291d9b9e839a4ae01e02d396db4f6f2f83ef5d678275186cf516f3ca9ae57c31236b76db6cb72e7dabadf08780a586e7ccbb6ef9ad40e9f54f10dae9da25deec13b3007d6bcef40d0ad6ffc2f6b1dc4272cefcf73935d87c40d1add342b99a124ed2831f8d66ebaf785ed6c6c615f957af1c6454c6dba027f067c33b5d1af9a66b7ed9197a8b49b0b5b9f1d3e2cd700f5cd519f42f126979f32f3191df15178522d434bd5249e6b82dc139dbed52059f8a1e369e0bf5d1edbeeb71c549a0f81f4f82c57edcdba47e7079ae6f4812f8a3c53f6adadf2b1e48aeb353d5ed346b957bc60dc61707bd0078f7c5ef15ae95e3fbbd29194abed0076e956f42f037da34c8e42bf7b9e95c5fc49f0fdccdf15eeb5099b8dca403d48af6cf036a16f71e19b666c6ec639ae833342e7c731d8699e4ea361b5ae38dc4722b94bfbed36d14e9b6b32c26e0ee208fc6ba39fc4d7ececbe22b1554b7e7200fe95c7eb1a4e81f113536bfb598da9832086257dbbd6744d0f11f813e08bcf871fb617c52d796e51f49f130b55938185da98afa23e18ea09677f7361248ad65a49dd17fb5bf935e67f0f3e185ac5e37f11a3ddb496b7db1a36c1fe11cd6e5d5949e15d534dd4a3919b4eb8665980ef8e0668ac07bb69915bdf40db76fe554dfc3d19ba6dacd9edcd63e89e274b5801f9b6b0ce6b6b43f11c37927d3d6b3021b88b54d31f74b26e51dbdab0f5ff00883f635d9242c5ba56d6a1e205bb9b6ac9baa9dd686ba926ef255b340187a2afdb2fbccedd7ad6c3da34376b228f973505fe86de1db6f307e9cd6af876f52fecf2c32dd28037b49d46dd907cd838ab91ca2427cbda722b37fe11a5b888989ab358dd689291f31a00e0fc73a1c2fe3f8f1b7ef7615e8f1f85564b0876b3741d0d792789fc56b2fc4288156fbddc57b768fad432e9b0fcdfc22a9e9b01977fa0ea11b49f36576ff4af28d23c28f75f119fce9187cfeb8af73b9bdf2cc9bdd718f5af23b1315dfc46665907dfcd11bf503d5ac7c2d6f65b4ae4f03a9ab8cb0c0b8caad579bc4f6d691055f9be51d2b26f1a6d6e4dd0965fad66aef703ce7c657696bf14a12ec3ef57ac9d7e3fb2c6106eca63f4af12f1ef84ef2e7e28c397fe21debdb343d122d36ca1f38ee3b687603879b49cfc62f0acc73f2f9c7f4af50d46d249e0558b19cf5ae03c4c3cbf8c3e1458fa1f3bf95757a9ea979a25bab11bb926b1adef3d0d96c47f10a285bc35731dc5c6d6900c67dabcb7e1f5c08bc650c6b37c90ac99c2fb1aabf14bc7fa978b7c61a5d9dad9b7953310db5bd2bb8d0fc0d71a3cd7130b2fde792406dddcad14ec95986af5385f05e92be27f1cb04f9add643cf5ab5f1bf4796daed6dc2b7918c039a9be0d786f53f0b68b3798b9b832b1dc7fde35d6ebbe1dbcf1ee8c2265c4c841cfe35d5b7a189e69f0b35693c17aaa59dd36d663c64d7a778eeeec75dd216191b3f2e4106bccfe317c34d434cd423d5159b6c20640ab3e17f1843af69c8937df5f94f34f47a819fe0af1f5be8be24fecb4fbccd806bd6ae6e2fe081042090e3ad79078cfc2369a178c20d461f50735ec5e1cf103eafa24722edf95719cd302a5ee99797368bb99bbd7947897c2de478ed1a56cfcddebda8dda468be630af19f8c5e27b5d2bc691fccdd7a81401eade11d11574bfdc845e07615b56b6a90439b87fd6b8bf03eb175e21d2d7ec659781c9aea2d3c3d791c3bae9f39f7acc0a5f1375eb383c3526d3fc69fceb1e0f134365e20d6665ff009e71edf63b6a5f8b3a2c30f8639ead227e3f30a835bd2ad2ce3d4e43ce561cfe9480c05d6bc49e2984bdc69e64da4edc498c8ed5a76b3ebf7565f671a68857a125c74abfaa5e5ce957918d1f4ff3576827e7c76f7aa977f19974b93cbd5b4c6864c7055b3cfe15a7402ddfc8fe16b0fb0c617cd90761ce4d53b1f056e84cfa836dcfcc371fc6b37c2bafcde2bf121bb915bcb8ce4023b565fc45f1cde78d7c4434bb0dc8b0fde2071c53038fd774abaf1afc59f34eed8870076200af52b1f09c96f688bc703b0ae3bc33a805f166428dc300e7d6bd4f4ff325b456e39ad009bc488afa3dd6e50dd3a8af9d3f68e6367a5d9f93fbacb1cecf973cd14567440dff00851ce956edfc5e59e7f0ad4bdf9bc131e79c39c67b7cd45145603aa8063c1b01ef8a8a372b1c7827a5145660374162dabae6bb353893f0a28a009211bf4f6ddf375eb58fe1de35561db3d28a2803ae8db016a4650c5b201fc28a2803c77e2044a3c76bf2af5f4aec6d588b68ff00dd14515a013c8ec74b9b93f74f7af29f08c8c7c7f37ccdf78f7a28a00f60f088df37cdf37d6bacba4548f8503e828a2b2ea078ef8d9cff00c2c08f93f7abd6f483bb4d8f3cfcbfd28a29480e3b5dff0092cde12ffb6dfcabbaf160ce9fff00013451587db37fb2795fc254127c409b700db58e323a57b0c9f767ff0070ff002a28a55371238cd047fc5379ff006cff003ae8ac86d823c71c514574cbe13389cefc441becee437cc36743f4af0af8707fe2a1bc1db3d28a2ae3b126ff008f8ffc51311efbfafe35d77c37761e188393d28a2a80b9e29761043c9af39f8ac8ad3c24aa93ea45145007aafc2e509e0b84a8038ec2ba5bf63fb9e4f4a28acba81cff00c4de4e9e3b67a5666bbce9fad7d61fe94514ba017ec4e355b8ff00713f9553f14c11bea56bb915baf514515b016b4685527936aaafc8dd07b5713e014537bad36d5ddb8738a28a00e3666dbf125b1c7cc3a57b3e8edff12e8fe94515a01fffd9);

-- --------------------------------------------------------

--
-- Table structure for table `transkrip_nilai`
--

CREATE TABLE `transkrip_nilai` (
  `ID` int(11) NOT NULL,
  `Taruna` int(11) DEFAULT NULL,
  `Ijazah` int(11) DEFAULT NULL,
  `Program_Studi` int(11) DEFAULT NULL
) ENGINE=InnoDB DEFAULT CHARSET=utf8mb4 COLLATE=utf8mb4_general_ci;

--
-- Dumping data for table `transkrip_nilai`
--

INSERT INTO `transkrip_nilai` (`ID`, `Taruna`, `Ijazah`, `Program_Studi`) VALUES
(1, 1, 1, 2),
(2, 2, 2, 2);

-- --------------------------------------------------------

--
-- Table structure for table `user`
--

CREATE TABLE `user` (
  `ID` int(11) NOT NULL,
  `Username` varchar(64) NOT NULL,
  `Password` varchar(255) NOT NULL
) ENGINE=InnoDB DEFAULT CHARSET=utf8mb4 COLLATE=utf8mb4_general_ci;

--
-- Dumping data for table `user`
--

INSERT INTO `user` (`ID`, `Username`, `Password`) VALUES
(1, 'admin', '$2y$10$hRi1qju2KOeEPcBZ0wYfhu/PN5e9Wl.ddWeDTds8Uokad764X9D1a');

--
-- Indexes for dumped tables
--

--
-- Indexes for table `ijazah`
--
ALTER TABLE `ijazah`
  ADD PRIMARY KEY (`ID`),
  ADD KEY `Taruna` (`Taruna`),
  ADD KEY `Program_Studi` (`Program_Studi`),
  ADD KEY `Wakil_Direktur` (`Wakil_Direktur`),
  ADD KEY `Direktur` (`Direktur`);

--
-- Indexes for table `kota`
--
ALTER TABLE `kota`
  ADD PRIMARY KEY (`ID`);

--
-- Indexes for table `matakuliah`
--
ALTER TABLE `matakuliah`
  ADD PRIMARY KEY (`ID`);

--
-- Indexes for table `nilai`
--
ALTER TABLE `nilai`
  ADD PRIMARY KEY (`ID`),
  ADD KEY `Taruna` (`Taruna`),
  ADD KEY `Matakuliah` (`Matakuliah`);

--
-- Indexes for table `pejabat`
--
ALTER TABLE `pejabat`
  ADD PRIMARY KEY (`ID`);

--
-- Indexes for table `program_studi`
--
ALTER TABLE `program_studi`
  ADD PRIMARY KEY (`ID`);

--
-- Indexes for table `taruna`
--
ALTER TABLE `taruna`
  ADD PRIMARY KEY (`ID`),
  ADD KEY `Tempat_Lahir` (`Tempat_Lahir`),
  ADD KEY `Program_Studi` (`Program_Studi`);

--
-- Indexes for table `transkrip_nilai`
--
ALTER TABLE `transkrip_nilai`
  ADD PRIMARY KEY (`ID`),
  ADD KEY `Taruna` (`Taruna`),
  ADD KEY `Ijazah` (`Ijazah`),
  ADD KEY `Program_Studi` (`Program_Studi`);

--
-- Indexes for table `user`
--
ALTER TABLE `user`
  ADD PRIMARY KEY (`ID`);

--
-- AUTO_INCREMENT for dumped tables
--

--
-- AUTO_INCREMENT for table `ijazah`
--
ALTER TABLE `ijazah`
  MODIFY `ID` int(11) NOT NULL AUTO_INCREMENT, AUTO_INCREMENT=3;

--
-- AUTO_INCREMENT for table `kota`
--
ALTER TABLE `kota`
  MODIFY `ID` int(11) NOT NULL AUTO_INCREMENT, AUTO_INCREMENT=4;

--
-- AUTO_INCREMENT for table `matakuliah`
--
ALTER TABLE `matakuliah`
  MODIFY `ID` int(11) NOT NULL AUTO_INCREMENT, AUTO_INCREMENT=47;

--
-- AUTO_INCREMENT for table `nilai`
--
ALTER TABLE `nilai`
  MODIFY `ID` int(11) NOT NULL AUTO_INCREMENT, AUTO_INCREMENT=47;

--
-- AUTO_INCREMENT for table `pejabat`
--
ALTER TABLE `pejabat`
  MODIFY `ID` int(11) NOT NULL AUTO_INCREMENT, AUTO_INCREMENT=5;

--
-- AUTO_INCREMENT for table `program_studi`
--
ALTER TABLE `program_studi`
  MODIFY `ID` int(11) NOT NULL AUTO_INCREMENT, AUTO_INCREMENT=4;

--
-- AUTO_INCREMENT for table `taruna`
--
ALTER TABLE `taruna`
  MODIFY `ID` int(11) NOT NULL AUTO_INCREMENT, AUTO_INCREMENT=3;

--
-- AUTO_INCREMENT for table `transkrip_nilai`
--
ALTER TABLE `transkrip_nilai`
  MODIFY `ID` int(11) NOT NULL AUTO_INCREMENT, AUTO_INCREMENT=3;

--
-- AUTO_INCREMENT for table `user`
--
ALTER TABLE `user`
  MODIFY `ID` int(11) NOT NULL AUTO_INCREMENT, AUTO_INCREMENT=2;

--
-- Constraints for dumped tables
--

--
-- Constraints for table `ijazah`
--
ALTER TABLE `ijazah`
  ADD CONSTRAINT `ijazah_ibfk_1` FOREIGN KEY (`Taruna`) REFERENCES `taruna` (`ID`) ON DELETE CASCADE ON UPDATE CASCADE,
  ADD CONSTRAINT `ijazah_ibfk_2` FOREIGN KEY (`Program_Studi`) REFERENCES `program_studi` (`ID`) ON DELETE CASCADE ON UPDATE CASCADE,
  ADD CONSTRAINT `ijazah_ibfk_3` FOREIGN KEY (`Wakil_Direktur`) REFERENCES `pejabat` (`ID`) ON DELETE CASCADE ON UPDATE CASCADE,
  ADD CONSTRAINT `ijazah_ibfk_4` FOREIGN KEY (`Direktur`) REFERENCES `pejabat` (`ID`) ON DELETE CASCADE ON UPDATE CASCADE;

--
-- Constraints for table `nilai`
--
ALTER TABLE `nilai`
  ADD CONSTRAINT `nilai_ibfk_1` FOREIGN KEY (`Taruna`) REFERENCES `taruna` (`ID`) ON DELETE CASCADE ON UPDATE CASCADE,
  ADD CONSTRAINT `nilai_ibfk_2` FOREIGN KEY (`Matakuliah`) REFERENCES `matakuliah` (`ID`) ON DELETE CASCADE ON UPDATE CASCADE;

--
-- Constraints for table `taruna`
--
ALTER TABLE `taruna`
  ADD CONSTRAINT `taruna_ibfk_1` FOREIGN KEY (`Tempat_Lahir`) REFERENCES `kota` (`ID`) ON DELETE CASCADE ON UPDATE CASCADE,
  ADD CONSTRAINT `taruna_ibfk_2` FOREIGN KEY (`Program_Studi`) REFERENCES `program_studi` (`ID`) ON DELETE CASCADE ON UPDATE CASCADE;

--
-- Constraints for table `transkrip_nilai`
--
ALTER TABLE `transkrip_nilai`
  ADD CONSTRAINT `transkrip_nilai_ibfk_1` FOREIGN KEY (`Taruna`) REFERENCES `taruna` (`ID`) ON DELETE CASCADE ON UPDATE CASCADE,
  ADD CONSTRAINT `transkrip_nilai_ibfk_2` FOREIGN KEY (`Ijazah`) REFERENCES `ijazah` (`ID`) ON DELETE CASCADE ON UPDATE CASCADE,
  ADD CONSTRAINT `transkrip_nilai_ibfk_3` FOREIGN KEY (`Program_Studi`) REFERENCES `program_studi` (`ID`) ON DELETE CASCADE ON UPDATE CASCADE;
COMMIT;

/*!40101 SET CHARACTER_SET_CLIENT=@OLD_CHARACTER_SET_CLIENT */;
/*!40101 SET CHARACTER_SET_RESULTS=@OLD_CHARACTER_SET_RESULTS */;
/*!40101 SET COLLATION_CONNECTION=@OLD_COLLATION_CONNECTION */;
